id,source_mode,source_input,sources,referring_page_url,referring_domain,page_title,snippet,competitor_domain,competitor_target_url,anchor_text,link_attribute,external_link_count,domain_dr,dr_source,spam_score,opportunity_type,topic_relevance,safety_status,safety_category,exclude_reason,machine_status,human_status,quality_priority,inspection_status,inspection_note,discovered_at,last_checked_at
bo_w0vtfd,keyword,astrologywiki,"[{""mode"":""keyword"",""input"":""astrologywiki"",""language"":""en"",""region"":""us"",""provider"":""searxng""}]",https://www.autostraddle.com/your-completely-queer-guide-to-horoscope-hookups-156790,autostraddle.com,Lesbian Horoscope Compatibility | Autostraddle,"Lesbian Horoscope Compatibility | Autostraddle Skip to content Autostraddle For Them Sign In Subscribe Main Menu &#8211; Open AF+ AF+ All AF+ AF+ Advice Box Our Sex/Life Go Long: Interviews Baby Steps Personal Essays About AF+ Love & Sex Love & Sex All Love + Sex Dating Friendship Sex Relationships Weddings Breakups Sex Toys Culture Culture Astrology, Tarot & Witchcraft Community First Person Identity LGBT Businesses LGBT History Entertainment Entertainment Celebrities Comedy Film Geekery Litera",,,,unknown,77,,unknown,,guest_post,unknown,passed,,,qualified,pending,normal,checked,,2026-07-22T08:45:07.253Z,2026-07-22T08:45:07.253Z
bo_1s4n8kh,keyword,astrologywiki,"[{""mode"":""keyword"",""input"":""astrologywiki"",""language"":""en"",""region"":""us"",""provider"":""searxng""}]",https://www.facebook.com/astrologyzone,facebook.com,Susan Miller&#039;s Astrology Zone,Susan Miller&#039;s Astrology Zone,,,,unknown,0,,unknown,,guest_post,unknown,passed,,,qualified,pending,normal,checked,,2026-07-22T08:45:07.253Z,2026-07-22T08:45:07.253Z
bo_15nek85,keyword,astrologywiki,"[{""mode"":""keyword"",""input"":""astrologywiki"",""language"":""en"",""region"":""us"",""provider"":""searxng""}]",https://circeinstitute.org/blog/how-to-make-a-commonplace-book,circeinstitute.org,How to Make a Commonplace Book | CiRCE Institute,How to Make a Commonplace Book | CiRCE Institute Skip to content Donate Have an account? Login or Sign Up &#36; 0.00 0 Cart Search ... Results See all results About Sign up for FORMA Journal Sign Up for Free! FORMA contemplates ancient ideas for contemporary people. Sign Up About CiRCE Staff and Board Contact Us Join Our Email List About Classical Education Advertise with Us How to Write for Us Paideia Prize Winners Resources &#8220;It feels like a miracle. The Lost Tools of Writing has my undyi,,,,unknown,6,,unknown,,guest_post,unknown,passed,,,qualified,pending,normal,checked,,2026-07-22T08:45:07.253Z,2026-07-22T08:45:07.253Z
bo_ic3lpa,keyword,astrologywiki,"[{""mode"":""keyword"",""input"":""astrologywiki"",""language"":""en"",""region"":""us"",""provider"":""searxng""}]",https://bcworldview.org/knowing-what-the-future-holds,bcworldview.org,Knowing What the Future Holds – And knowing Who holds it.,"Knowing What the Future Holds – And knowing Who holds it. Facebook X Youtube About Who We Are Write for Us Authors Subscribe Beliefs Heaven Search Search Biblical Christian Worldview Media Ministries BCWorldview.org Media Missionaries Biblical Christian Worldview Media Missionaries About Who We Are Write for Us Authors Subscribe Beliefs Heaven Search — Mission Statement — Providing insight on the intersection of contemporary issues and theology, based on a Biblical Christian Worldview. Biblical ",,,,unknown,14,,unknown,,guest_post,unknown,passed,,,qualified,pending,normal,checked,,2026-07-22T08:45:07.253Z,2026-07-22T08:45:07.253Z
bo_1byzu6i,keyword,astrologywiki,"[{""mode"":""keyword"",""input"":""astrologywiki"",""language"":""en"",""region"":""us"",""provider"":""searxng""}]",https://www.maroonoak.com/zinc-what-it-does-to-your-body-as-well-as-the-greatest-dinner-provide,maroonoak.com,"Zinc: What it does to your body, as well as the greatest dinner provide | Maroon Oak","Zinc: What it does to your body, as well as the greatest dinner provide | Maroon Oak Toggle navigation Home About Contact Us Hire with Us Startup Zone Hiring Top Talent Founder Resources Explore Events Marketplace My Wishlist Power your Hireability Ultimate SMART Goals Handbook Planning Timesheet Online Business Niche Guide Guide to a standout LinkedIn Profile How to Boost your Skills Creatively! eBook – Monetize your Skills Love my Work Love my Dream Wall Art Cheatsheet – 20 Ways to more Online",,,,unknown,5,,unknown,,guest_post,unknown,rejected,gambling,matched:casino,rejected,pending,excluded,checked,,2026-07-22T08:45:07.253Z,2026-07-22T08:45:07.253Z
bo_1ink0by,keyword,astrologywiki,"[{""mode"":""keyword"",""input"":""astrologywiki"",""language"":""en"",""region"":""us"",""provider"":""searxng""}]",https://www.varsity.co.uk/lifestyle/30975,varsity.co.uk,In defence of harmless mysticism | Varsity,"In defence of harmless mysticism | Varsity Menu News Comment Features Interviews Science Lifestyle Arts Theatre Music Fashion Film & TV Sport Shop Write for us Wednesday 22nd July 2026 | Cambridge, UK Menu News Comment Features Interviews Science Lifestyle Culture Arts Fashion Film & TV Music Theatre Sport Shop Write for us --> In defence of harmless mysticism Emer Naylor Afram makes the case for dipping into the world of astrology and palmistry As with any media, the meaning derived depends on ",,,,unknown,17,,unknown,,guest_post,unknown,passed,,,qualified,pending,normal,checked,,2026-07-22T08:45:07.253Z,2026-07-22T08:45:07.253Z
bo_1fuidt5,keyword,astrologywiki,"[{""mode"":""keyword"",""input"":""astrologywiki"",""language"":""en"",""region"":""us"",""provider"":""searxng""}]",https://topics.amcham.com.tw/2010/05/fortunetelling-many-ways-to-learn-your-destiny,topics.amcham.com.tw,Fortunetelling: Many Ways to Learn Your Destiny - Taiwan Business TOPICS,"Fortunetelling: Many Ways to Learn Your Destiny - Taiwan Business TOPICS Skip to content Taiwan Business TOPICS Taiwan&#039;s leading bilingual business publication. Business &#038; Politics Cover Story Industry Focus Special Report Taiwan Briefs Law Behind the News Analysis Lifestyle Travel & Culture Wine & Dine Seeing Taiwan Events Interviews Opinion President&#8217;s View Editorial Insights Company Voices Company Advocacy Sponsored Content Lifestyle , Travel & Culture Fortunetelling: Many Way",,,,unknown,46,,unknown,,guest_post,unknown,passed,,,qualified,pending,normal,checked,,2026-07-22T08:45:07.253Z,2026-07-22T08:45:07.253Z
bo_1bc9lgh,keyword,astrologywiki,"[{""mode"":""keyword"",""input"":""astrologywiki"",""language"":""en"",""region"":""us"",""provider"":""searxng""}]",https://www.voquent.com/blog/genshin-impact-voice-actors,voquent.com,Genshin Impact Voice Actors - Voquent,Mona takes her astrology practice very seriously but also has other extraordinary talents. ... Write For Us. Top Searches. Find Voice Actors · Audiobook Narrators ...,,,,unknown,0,,unknown,,guest_post,unknown,passed,,,review,pending,review,unavailable,HTTP 403,2026-07-22T08:45:07.253Z,2026-07-22T08:45:07.253Z
bo_ijwlrj,keyword,astrologywiki,"[{""mode"":""keyword"",""input"":""astrologywiki"",""language"":""en"",""region"":""us"",""provider"":""searxng""}]",https://www.theyashelf.com/book-talk/steampunk-book-gen.html,theyashelf.com,What Exactly Is Steampunk? A Genre Guide - The YA Shelf,"Jul 13, 2026 ... 50 YA fiction tropes and cliches we can't get enough of! Write for Us ... astrology zodiac books. Which Classic Literary Heroine Are You ...",,,,unknown,0,,unknown,,guest_post,unknown,rejected,drugs,matched:heroin,rejected,pending,excluded,skipped,rejected_from_search_data,2026-07-22T08:45:07.253Z,2026-07-22T08:45:07.253Z
bo_12o0cr5,keyword,astrologywiki,"[{""mode"":""keyword"",""input"":""astrologywiki"",""language"":""en"",""region"":""us"",""provider"":""searxng""}]",https://www.yourtango.com/about-us,yourtango.com,About Us: YourTango Masthead | YourTango,About Us: YourTango Masthead | YourTango ☰ Revolutionizing Your Relationships Main navigation Love Zodiac Horoscope Self Family Entertainment & News Health & Wellness Career & Money Expert Advice About YourTango Login Register X Hamburger menu Love Zodiac Horoscope Self Family Entertainment & News Quotes Astrology Career & Money Health & Wellness Love Quotes Divorce Heartbreak Expert Advice Experiences Search Articles Sign in Sign up for Newsletter Privacy Policy About YourTango YourTango is a p,,,,unknown,12,,unknown,,guest_post,unknown,passed,,,qualified,pending,normal,checked,,2026-07-22T08:45:07.253Z,2026-07-22T08:45:07.253Z
bo_1kufp2y,keyword,astrologywiki,"[{""mode"":""keyword"",""input"":""astrologywiki"",""language"":""en"",""region"":""us"",""provider"":""searxng""}]",https://jungleworks.com/juggernaut/write-for-us,jungleworks.com,Write For Us - JungleWorks,"--> Write For Us - JungleWorks Our website uses cookies, which helps us to deliver the best customer experience. Cookie policy. Got It Softwares Logistics Tookan Delivery management software for optimizing fleet operations Evermile Last-mile delivery orchestration platform with real-time tracking Mappr Route optimization and territory mapping for delivery networks Commerce Yelo On-demand delivery platform for restaurants and retail businesses Jugnoo Hyperlocal delivery and ride-hailing solution ",,,,unknown,32,,unknown,,guest_post,unknown,passed,,,qualified,pending,normal,checked,,2026-07-22T08:45:07.253Z,2026-07-22T08:45:07.253Z
bo_4p7ecv,keyword,astrologywiki,"[{""mode"":""keyword"",""input"":""astrologywiki"",""language"":""en"",""region"":""us"",""provider"":""searxng""}]",https://www.patheos.com/blogs/astrologicalmusings/blog/androgyny-and-the-aquarian-age,patheos.com,Androgyny And The Aquarian Age | Lynn Hayes - Patheos,"Jul 13, 2011 ... Does astrology work in the southern hemisphere? Next Post. July 14 ... Write for Us · Privacy Policy · Terms of Service · Do Not Sell My Data ...",,,,unknown,0,,unknown,,guest_post,unknown,passed,,,review,pending,review,unavailable,HTTP 403,2026-07-22T08:45:07.253Z,2026-07-22T08:45:07.253Z
bo_m02vhk,keyword,astrologywiki,"[{""mode"":""keyword"",""input"":""astrologywiki"",""language"":""en"",""region"":""us"",""provider"":""searxng""}]",https://www.instagram.com/croetter?hl=en,instagram.com,Chris Roetter (&#064;croetter) • Instagram photos and videos,Chris Roetter (&#064;croetter) • Instagram photos and videos,,,,unknown,0,,unknown,,other,unknown,passed,,,qualified,pending,normal,checked,,2026-07-22T08:45:07.253Z,2026-07-22T08:45:07.253Z
bo_1hcmcg5,keyword,astrologywiki,"[{""mode"":""keyword"",""input"":""astrologywiki"",""language"":""en"",""region"":""us"",""provider"":""searxng""}]",https://www.appslure.com/write-for-us,appslure.com,"Write for Us, Guest Posting Website, Guest Posting Services","Write for Us, Guest Posting Website, Guest Posting Services call +91 6388483406 +91 6388483406 +1 (226) 935-7681 mail [email&#160;protected] Home About Us About Us Why Appslure Mobile App Development Process Our Blog Write for Us Services Mobile App Development iOS App Development Android App Development Mobile App Design Swift App Development Flutter App Development React Native App Development Website Designing Website Development Software Development Social Networking App Development Digital ",,,,unknown,5,,unknown,,guest_post,unknown,passed,,,qualified,pending,normal,checked,,2026-07-22T08:45:07.253Z,2026-07-22T08:45:07.253Z
bo_1tzaby4,keyword,astrologywiki,"[{""mode"":""keyword"",""input"":""astrologywiki"",""language"":""en"",""region"":""us"",""provider"":""searxng""}]",https://www.quora.com/Do-journalists-still-use-old-fashioned-shorthand-Ive-been-told-by-some-that-they-find-it-faster-and-more-efficient-than-playing-back-recordings-of-interviews-and-meetings,quora.com,Do journalists still use old-fashioned shorthand? I've been told by ...,"Jun 30, 2019 ... It had formal recognition in the UK as part of journalist training. Teeline Shorthand - Wikipedia ... write for us use as we all learned the legal ...",,,,unknown,0,,unknown,,guest_post,unknown,passed,,,review,pending,review,unavailable,HTTP 403,2026-07-22T08:45:07.253Z,2026-07-22T08:45:07.253Z
bo_19s2q4j,keyword,astrologywiki,"[{""mode"":""keyword"",""input"":""astrologywiki"",""language"":""en"",""region"":""us"",""provider"":""searxng""}]",https://www.yogapedia.com/definition/10960/moonbathing,yogapedia.com,What is Moonbathing? - Definition from Yogapedia,What is Moonbathing? - Definition from Yogapedia Shop Quizzes Dosha Quiz Chakra Quiz Dictionary Dictionary Term of the Day Tantrika Tantrika is a Sanskrit word that means &ldquo;relating to Tantra.&rdquo; Tantra is a Hindu spiritual practice (sadhana) based on religious and mystical texts devoted to goddess worship and shakti (divine feminine energy). It is also the name used to describe this collection of texts… View Full Term Trending Terms Tatvamasi Vashikaran Om Namo Bhagavate Vasudevay Aham,,,,unknown,16,,unknown,,guest_post,unknown,passed,,,qualified,pending,normal,checked,,2026-07-22T08:45:07.253Z,2026-07-22T08:45:07.253Z
bo_lgqlj7,keyword,astrologywiki,"[{""mode"":""keyword"",""input"":""astrologywiki"",""language"":""en"",""region"":""us"",""provider"":""searxng""}]",https://www.technologyreview.com/2025/10/30/1127057/agi-conspiracy-theory-artifcial-general-intelligence,technologyreview.com,How AGI became the most consequential conspiracy theory of our time | MIT Technology Review,How AGI became the most consequential conspiracy theory of our time | MIT Technology Review Skip to Content MIT Technology Review Featured Topics Newsletters Events Audio MIT Technology Review Featured Topics Newsletters Events Audio Artificial intelligence How AGI became the most consequential conspiracy theory of our time The idea that machines will be as smart as—or smarter than—humans has hijacked an entire industry. But look closely and you’ll see it’s a myth that persists for many of the s,,,,unknown,21,,unknown,,guest_post,unknown,passed,,,qualified,pending,normal,checked,,2026-07-22T08:45:07.253Z,2026-07-22T08:45:07.253Z
bo_c73wqo,keyword,astrologywiki,"[{""mode"":""keyword"",""input"":""astrologywiki"",""language"":""en"",""region"":""us"",""provider"":""searxng""}]",https://www.skeptic.org.uk/2022/09/creating-a-monster-the-case-of-eachy-the-wikipedia-monster-of-bassenthwaite,skeptic.org.uk,"Creating a Monster: the case of Eachy, the Wikipedia monster of Bassenthwaite - The Skeptic","Creating a Monster: the case of Eachy, the Wikipedia monster of Bassenthwaite - The Skeptic Facebook Patreon Twitter Sign in Home Alternative Medicine Acupuncture Ayurveda Cancer cures Chiropractic Faith Healing Homeopathy Naturopathy Osteopathy Reiki Traditional Chinese Medicine Wellness Health Cancer Covid-19 Dentistry Nutrition Placebo Effect Sex Supplements Vaccinations Veterinary Medicine Paranormal Ancient Aliens Astrology Crop Circles Cryptozoology Dowsing Ghosts Hilary Evans Paranormal L",,,,unknown,11,,unknown,,guest_post,unknown,passed,,,qualified,pending,normal,checked,,2026-07-22T08:45:07.253Z,2026-07-22T08:45:07.253Z
bo_1wu38jr,keyword,astrologywiki,"[{""mode"":""keyword"",""input"":""astrologywiki"",""language"":""en"",""region"":""us"",""provider"":""searxng""}]",https://youthincmag.com/which-spirit-animal-represents-your-zodiac-sign,youthincmag.com,Which Spirit Animal Represents Your Zodiac Sign? | Youth Inc Magazine,"Which Spirit Animal Represents Your Zodiac Sign? | Youth Inc Magazine Annual Subscription Rs.2,999 FREE — Limited Time Only! — Limited Time! Subscribe Free Wednesday, 22 July 2026 India&#x27;s Leading Youth Magazine Write for Us Subscribe Education Study in India Indian colleges, IITs, IIMs & more Study Abroad Global education opportunities Online Learning Courses & certifications Exam Prep JEE, NEET, boards & more Student Skills Study skills & productivity Careers Career Options Explore career ",,,,unknown,18,,unknown,,guest_post,unknown,passed,,,qualified,pending,normal,checked,,2026-07-22T08:45:07.253Z,2026-07-22T08:45:07.253Z
bo_1ot3q52,keyword,astrologywiki,"[{""mode"":""keyword"",""input"":""astrologywiki"",""language"":""en"",""region"":""us"",""provider"":""searxng""}]",https://www.thecollector.com/wb-yeats-mystical-ireland,thecollector.com,W.B. Yeats and the Search for a Mystical Ireland | TheCollector,"W.B. Yeats and the Search for a Mystical Ireland | TheCollector Skip to content Ancient History Medieval History Art & Artists Philosophy More Interviews Answers Mythology Religion Travel Stories Collecting Film News Maps & Resources Videos Art Gallery Write for us Home Art Answers W.B. Yeats and the Search for a Mystical Ireland Born in County Dublin in 1865, W. B. Yeats went on to become a leading figure in the Irish Literary Revival and eventually won a Nobel Prize for Literature for his cont",,,,unknown,7,,unknown,,guest_post,unknown,passed,,,qualified,pending,normal,checked,,2026-07-22T08:45:07.253Z,2026-07-22T08:45:07.253Z
bo_x7ig9t,keyword,astrologywiki,"[{""mode"":""keyword"",""input"":""astrologywiki"",""language"":""en"",""region"":""us"",""provider"":""searxng""}]",https://astrologyquestionsandanswers.com/2017/09/22/guest-post-how-i-became-an-astrologer-by-frank-clifford,astrologyquestionsandanswers.com,Guest post: How I became an astrologer&#8230;by Frank Clifford | Astrology: Questions and Answers,Guest post: How I became an astrologer&#8230;by Frank Clifford | Astrology: Questions and Answers Astrology: Questions and Answers Anne Whitaker&#039;s astrology archive&#8230;do drop by and have a browse&#8230; Skip to content home About BIOG Mentoring: colleagues and student astrologers My Other Blogs Writing from the Twelfth House Jupiter meets Uranus Resources Search &larr; Neptune and that elusive &#8220;Elsewhere&#8221;&#8230; Do you find astrology – or does it find you? &rarr; Guest post:,,,,unknown,142,,unknown,,guest_post,unknown,passed,,,qualified,pending,normal,checked,,2026-07-22T08:45:07.253Z,2026-07-22T08:45:07.253Z
bo_1f0a8fd,keyword,astrologywiki,"[{""mode"":""keyword"",""input"":""astrologywiki"",""language"":""en"",""region"":""us"",""provider"":""searxng""}]",https://astronidan.com/blog/guest-posting-astronidan-astrology-blog,astronidan.com,Guest Posting on AstroNidan - Astrology Blog Guide,"Apr 24, 2026 ... Why Guest Post on AstroNidan? · Accepted Topic Categories · Content Guidelines and Quality Standards · SEO Requirements for Guest Posts · Writing ...",,,,unknown,0,,unknown,,guest_post,unknown,passed,,,review,pending,review,unavailable,HTTP 403,2026-07-22T08:45:07.253Z,2026-07-22T08:45:07.253Z
bo_7uz49o,keyword,astrologywiki,"[{""mode"":""keyword"",""input"":""astrologywiki"",""language"":""en"",""region"":""us"",""provider"":""searxng""}]",https://teleskopos.wordpress.com/2011/01/23/astrology-is-rubbish-but,teleskopos.wordpress.com,"""Astrology is rubbish"", but&#8230; &#8211; teleskopos","""Astrology is rubbish"", but&#8230; &#8211; teleskopos Skip to content Open Menu Home About Museum and media Publications Resources Search Search for: Close teleskopos History of science &#8211; Museums Astrology / History / Science ""Astrology is rubbish"", but&#8230; January 23, 2011 July 9, 2011 Rebekah Higgitt 84 Comments Over the past week or two I&#8217;ve seen a steady trickle of tweets from astronomers, science writers and journalists having a good laugh about astrology. Fair enough, perhap",,,,unknown,84,,unknown,,guest_post,unknown,passed,,,qualified,pending,normal,checked,,2026-07-22T08:45:07.253Z,2026-07-22T08:45:07.253Z
bo_1s1i02l,keyword,astrologywiki,"[{""mode"":""keyword"",""input"":""astrologywiki"",""language"":""en"",""region"":""us"",""provider"":""searxng""}]",https://lastwordonnothing.com/2018/05/11/i-know-astrology-is-bullshit-but-i-cant-stop-reading-my-horoscope,lastwordonnothing.com,"I Know Astrology Is Bullshit, But I Can’t Stop Reading My Horoscope - The Last Word On Nothing","I Know Astrology Is Bullshit, But I Can’t Stop Reading My Horoscope - The Last Word On Nothing Skip to content The Last Word On Nothing ""Science says the first word on everything, and the last word on nothing"" - Victor Hugo Home About Us Ann Finkbeiner Betsy Mason Cameron Walker Cassandra Willyard Christie Aschwanden Craig Childs Emily Underwood Eric Wagner Helen Fields Jennifer Holland Jessa Gamble Laura Helmuth Neil Shea Rebecca Boyle Richard Panek Sally Adee Sarah Gilman Books by Us I Know As",,,,unknown,13,,unknown,,guest_post,unknown,passed,,,qualified,pending,normal,checked,,2026-07-22T08:45:07.253Z,2026-07-22T08:45:07.253Z
bo_1458u98,keyword,astrologywiki,"[{""mode"":""keyword"",""input"":""astrologywiki"",""language"":""en"",""region"":""us"",""provider"":""searxng""},{""mode"":""competitor_search"",""input"":""astro.com"",""language"":"""",""region"":"""",""provider"":""searxng""}]",https://meandrichard.wordpress.com/tag/astrology,meandrichard.wordpress.com,astrology | Me + Richard Armitage,"astrology | Me + Richard Armitage Me + Richard Armitage a frequently irreverent and occasionally cerebral feuilleton of richard armitage studies     Why Richard Armitage IS Francis Dolarhyde … and you should love him anyway, part 3 [guest post by @FrauVonElmDings] &bull; February 9, 2015 &bull; 53 Comments Posted in Richard Armitage Tags: astrology , fans , Francis Dolarhyde , Hannibal , Richard Armitage Why Richard Armitage IS Francis Dolarhyde … and you should love him anyway, part 2 [guest po",astro.com,,,unknown,35,,unknown,,guest_post,unknown,passed,,,qualified,pending,normal,checked,,2026-07-22T08:45:07.253Z,2026-07-22T08:45:07.253Z
bo_crwur3,keyword,astrologywiki,"[{""mode"":""keyword"",""input"":""astrologywiki"",""language"":""en"",""region"":""us"",""provider"":""searxng""}]",https://www.theanneboleynfiles.com/holbeins-the-ambassadors-a-renaissance-puzzle-part-three-jupiter-and-change,theanneboleynfiles.com,Holbein&#039;s The Ambassadors: A Renaissance Puzzle - Part Three: Jupiter and Change - The Anne Boleyn Files,Holbein&#039;s The Ambassadors: A Renaissance Puzzle - Part Three: Jupiter and Change - The Anne Boleyn Files Skip to content Latest News Did Henry VIII and Anne of Cleves consummate their marriage? A Rare Anne Boleyn Portrait Comes Home: The Lyndhurst Portrait Arrives at Hever Castle The Falcon&#8217;s Triumph &#8211; Pre-order now Anne Boleyn: Her Life and Her Legacy video series The Making of Anne Boleyn 2025 Anne Boleyn Files Advent Calendar Inside the Book Trade of Late Medieval London &#82,,,,unknown,20,,unknown,,guest_post,unknown,passed,,,qualified,pending,normal,checked,,2026-07-22T08:45:07.253Z,2026-07-22T08:45:07.253Z
bo_l7hx2o,keyword,astrologywiki,"[{""mode"":""keyword"",""input"":""astrologywiki"",""language"":""en"",""region"":""us"",""provider"":""searxng""},{""mode"":""competitor_search"",""input"":""astro.com"",""language"":"""",""region"":"""",""provider"":""searxng""}]",https://skywriter.wordpress.com/2010/07/02/the-twelfth-house-comparing-ancient-and-modern-views,skywriter.wordpress.com,The 12th House&#8212;Comparing Ancient and Modern Views | Sky Writer,"The 12th House&#8212;Comparing Ancient and Modern Views | Sky Writer Sky Writer Donna Cunningham&#039;s Blog on astrology, healing, and writing.  About Me Astrological Advice My Books Planetary Tests Readers’ Favorites Stellium Information Free Posted by: Donna Cunningham | July 2, 2010 The 12th House&#8212;Comparing Ancient and Modern Views (c)2007 by guest blogger, Dana Gerhardt, reprinted with her permission Donna says, this exceptionally sane post written by my esteemed TMA colleague, Dana G",astro.com,http://www.astro.com/astro-databank/Main_Page,AstroDataBank&#039;s Birthdata Collection,unknown,70,,unknown,,guest_post,unknown,passed,,,qualified,pending,normal,checked,,2026-07-22T08:45:07.253Z,2026-07-22T08:45:07.253Z
bo_1wrl533,keyword,astrologywiki,"[{""mode"":""keyword"",""input"":""astrologywiki"",""language"":""en"",""region"":""us"",""provider"":""searxng""}]",https://spicygeminiastrology.substack.com/p/the-astrology-of-the-life-of-a-showgirl,spicygeminiastrology.substack.com,The Astrology of The Life of a Showgirl,"The Astrology of The Life of a Showgirl Spicy Gemini Astrology's Mutable Mayhem & Assorted Musings Subscribe Sign in The Astrology of The Life of a Showgirl A brief exploration of the latest musical album by Taylor Swift Dr. Jess and Elysian Oct 02, 2025 7 1 Share Taylor Swift dressed as a showgirl to promote her upcoming album. Source: Instagram We are just hours away from the launch of Taylor Swift’s The Life of a Showgirl on October 3rd, 2025, and the Sister Sign astrologers (Sagittarian Elys",,,,unknown,60,,unknown,,guest_post,unknown,passed,,,qualified,pending,normal,checked,,2026-07-22T08:45:07.253Z,2026-07-22T08:45:07.253Z
bo_ctc2nn,keyword,astrologywiki,"[{""mode"":""keyword"",""input"":""astrologywiki"",""language"":""en"",""region"":""us"",""provider"":""searxng""}]",https://sallykirkman.com/part-one-uranus-leaves-aries,sallykirkman.com,Part One: Uranus Leaves Aries - Sally Kirkman,Part One: Uranus Leaves Aries - Sally Kirkman Skip to content Home Inner Star Circle Astrology Readings Blog Shop Discover Monthly Horoscopes 2026 Horoscopes Ebook Astrology Talk Podcast Star Signs Birth Chart Calculator Free Newsletter About About Sally Star Sign Books Media/Press Contact Home Inner Star Circle Astrology Readings Blog Shop Discover Monthly Horoscopes 2026 Horoscopes Ebook Astrology Talk Podcast Star Signs Birth Chart Calculator Free Newsletter About About Sally Star Sign Books ,,,,unknown,13,,unknown,,guest_post,unknown,passed,,,qualified,pending,normal,checked,,2026-07-22T08:45:07.253Z,2026-07-22T08:45:07.253Z
bo_1u555ox,keyword,astrologywiki,"[{""mode"":""keyword"",""input"":""astrologywiki"",""language"":""en"",""region"":""us"",""provider"":""searxng""},{""mode"":""competitor_search"",""input"":""astro.com"",""language"":"""",""region"":"""",""provider"":""searxng""}]",https://www.facebook.com/rtenews/posts/mystic-meg-the-suns-long-time-astrologer-has-died-aged-80-according-to-the-newsp/6694304653931813,facebook.com,"RTÉ News - Mystic Meg, The Sun&#039;s long-time astrologer, has...","RTÉ News - Mystic Meg, The Sun&#039;s long-time astrologer, has...",astro.com,,,unknown,0,,unknown,,guest_post,unknown,passed,,,qualified,pending,normal,checked,,2026-07-22T08:45:07.253Z,2026-07-22T08:45:07.253Z
bo_13nq3fa,keyword,astrologywiki,"[{""mode"":""keyword"",""input"":""astrologywiki"",""language"":""en"",""region"":""us"",""provider"":""searxng""}]",https://en.wikipedia.org/wiki/Talismanic_shirt,en.wikipedia.org,Talismanic shirt - Wikipedia,Talismanic shirt - Wikipedia Jump to content Main menu Main menu move to sidebar hide Navigation Main page Contents Current events Random article About Wikipedia Contact us Contribute Help Learn to edit Community portal Recent changes Upload file Special pages Search Search Appearance Donate Create account Log in Personal tools Donate Create account Log in Contents move to sidebar hide (Top) 1 Some examples in collections 2 See also 3 References 4 Further reading 5 External links Toggle the tabl,,,,unknown,41,,unknown,,guest_post,unknown,passed,,,qualified,pending,normal,checked,,2026-07-22T08:45:07.253Z,2026-07-22T08:45:07.253Z
bo_17hm42o,keyword,astrologywiki,"[{""mode"":""keyword"",""input"":""astrologywiki"",""language"":""en"",""region"":""us"",""provider"":""searxng""}]",https://joeroe.io/posts,joeroe.io,Posts - Joe Roe,"Posts - Joe Roe Skip to primary navigation Skip to content Skip to footer You are using an outdated browser. Please upgrade your browser to improve your experience. Joe Roe Posts Software Datasets Papers Posters Talks CV Toggle menu Joe Roe Computational archaeologist specialising in early agriculture in Southwest Asia. ← ARCHAEORING → Follow Copenhagen, Denmark joeroe@archaeo.dev 0000-0002-1011-1244 Google Scholar GitHub Mastodon Custom Social Profile Link --> Posts Miscellaneous updates, revie",,,,unknown,12,,unknown,,guest_post,unknown,passed,,,qualified,pending,normal,checked,,2026-07-22T08:45:07.253Z,2026-07-22T08:45:07.253Z
bo_1ds9nal,keyword,astrologywiki,"[{""mode"":""keyword"",""input"":""astrologywiki"",""language"":""en"",""region"":""us"",""provider"":""searxng""}]",https://svn.nmap.org/nmap/nselib/data/wp-plugins.lst,svn.nmap.org,wp-plugins.lst - Nmap,... wiki-dictionary disable-feeds advanced-random-posts-widget wp-pagenavi ... guest-post-submit pw-woocommerce-on-sale miniorange-wp-ldap-login calculated ...,,,,unknown,0,,unknown,,other,unknown,passed,,,review,pending,review,unavailable,Unsupported content type: text/plain; charset=UTF-8,2026-07-22T08:45:07.253Z,2026-07-22T08:45:07.253Z
bo_p0xduv,keyword,astrologywiki,"[{""mode"":""keyword"",""input"":""astrologywiki"",""language"":""en"",""region"":""us"",""provider"":""searxng""}]",https://idp.bl.uk/blog/category/guest-post,idp.bl.uk,Guest Post - International Dunhuang Programme - The British Library,Category: Guest Post. Home > IDP Blog >. Explore the blog. Categories. Blog ... astrology. British Library. Buddhism. Dunhuang. + More. Read More · 24th September ...,,,,unknown,0,,unknown,,guest_post,unknown,passed,,,review,pending,review,unavailable,HTTP 403,2026-07-22T08:45:07.253Z,2026-07-22T08:45:07.253Z
bo_j629rq,keyword,astrologywiki,"[{""mode"":""keyword"",""input"":""astrologywiki"",""language"":""en"",""region"":""us"",""provider"":""searxng""}]",https://www.facebook.com/Vedism10/videos/in-hindu-astrology-there-are-27-nakshatras-read-their-names-please-support-and-f/1530726788166648,facebook.com,In Hindu astrology there are 27 Nakshatras. Read their names. Please support and follow our account#vedism #art #followpls #viralreels | Vedism,In Hindu astrology there are 27 Nakshatras. Read their names. Please support and follow our account#vedism #art #followpls #viralreels | Vedism,,,,unknown,0,,unknown,,guest_post,unknown,passed,,,qualified,pending,normal,checked,,2026-07-22T08:45:07.253Z,2026-07-22T08:45:07.253Z
bo_14urlpr,keyword,astrologywiki,"[{""mode"":""keyword"",""input"":""astrologywiki"",""language"":""en"",""region"":""us"",""provider"":""searxng""}]",https://londonjazzcollector.wordpress.com/2021/06/13/who-is-nathan-davis-a-guest-post,londonjazzcollector.wordpress.com,Who is Nathan Davis? A guest post | LondonJazzCollector,"Who is Nathan Davis? A guest post | LondonJazzCollector Skip to primary content LondonJazzCollector Adventures in collecting ""modern jazz"": the classical music of America from the Fifties and Sixties, and a little Seventies, on original vinyl, on a budget, from England. And writing about it, since 2011. Travelling a little more widely nowadays, and at lower cost, but still 100% vinyl Search Main menu Home About LJC LJC Comments Policy LJC in Connected Magazine LJC Industry Acknowledgements and C",,,,unknown,50,,unknown,,guest_post,unknown,passed,,,qualified,pending,normal,checked,,2026-07-22T08:45:07.253Z,2026-07-22T08:45:07.253Z
bo_3sqkbg,keyword,astrologywiki,"[{""mode"":""keyword"",""input"":""astrologywiki"",""language"":""en"",""region"":""us"",""provider"":""searxng""}]",https://ehrmanblog.org/pauls-ascent-to-paradise-guest-post-by-james-tabor,ehrmanblog.org,Paul's Ascent to Paradise. Guest Post by James Tabor,"Guest Post by James Tabor. View Larger Image. August 28, 2020. A couple of ... https://en.wikipedia.org/wiki/Non-canonical_books_referenced_in_the_Bible# ...",,,,unknown,0,,unknown,,guest_post,unknown,passed,,,review,pending,review,unavailable,HTTP 403,2026-07-22T08:45:07.253Z,2026-07-22T08:45:07.253Z
bo_18a8y3v,keyword,astrologywiki,"[{""mode"":""keyword"",""input"":""astrologywiki"",""language"":""en"",""region"":""us"",""provider"":""searxng""},{""mode"":""competitor_search"",""input"":""astro.com"",""language"":"""",""region"":"""",""provider"":""searxng""}]",https://www.facebook.com/tudorsdynasty/posts/ive-decided-to-begin-looking-at-some-tudor-figures-and-their-astrological-signsh/1140840553542146,facebook.com,Tudors Dynasty - I&#039;ve decided to begin looking at some...,Tudors Dynasty - I&#039;ve decided to begin looking at some...,astro.com,,,unknown,0,,unknown,,guest_post,unknown,passed,,,qualified,pending,normal,checked,,2026-07-22T08:45:07.253Z,2026-07-22T08:45:07.253Z
bo_tghlp3,keyword,astrologywiki,"[{""mode"":""keyword"",""input"":""astrologywiki"",""language"":""en"",""region"":""us"",""provider"":""searxng""}]",https://journeytothewestresearch.com/tag/jidu,journeytothewestresearch.com,Jidu | Journey to the West Research,"Jidu | Journey to the West Research Skip to content Journey to the West Research A repository for research on the great 16th-century Chinese Classic Primary Menu Menu Home About Contact Tag Jidu Archive #45 &#8211; Tripitaka Seeks the Scriptures: A Rare Journey to the West Puppet Play from Quanzhou, Fujian February 21, 2024 May 6, 2026 Jim R. McClanahan Leave a comment Last updated : 07-21-2025 The Journey to the West Research blog is proud to host a guest post by the very knowledgeable @ryin-si",,,,unknown,291,,unknown,,guest_post,unknown,passed,,,qualified,pending,normal,checked,,2026-07-22T08:45:07.253Z,2026-07-22T08:45:07.253Z
bo_1fv2rff,keyword,astrologywiki,"[{""mode"":""keyword"",""input"":""astrologywiki"",""language"":""en"",""region"":""us"",""provider"":""searxng""}]",https://www.sundaymorningtransport.com/p/word-of-mouth,sundaymorningtransport.com,Word of Mouth,"Word of Mouth The Sunday Morning Transport Subscribe Sign in Word of Mouth The Sunday Morning Transport and Andrea Phillips Jun 21, 2026 ∙ Paid 11 1 Share Andrea Phillips arrives on this week’s transport with a game and at least one secret. June’s adventures on the Sunday Morning Transport include stories by Alex London, J.R. Dawson, Andrea Philips, and Karen Joy Fowler. We are grateful for your support in helping us get here, and in continuing to bring more extraordinary writers and their work ",,,,unknown,17,,unknown,,guest_post,unknown,passed,,,qualified,pending,normal,checked,,2026-07-22T08:45:07.253Z,2026-07-22T08:45:07.253Z
bo_vwppy,keyword,astrologywiki,"[{""mode"":""keyword"",""input"":""astrologywiki"",""language"":""en"",""region"":""us"",""provider"":""searxng""}]",https://aas.org/,aas.org,American Astronomical Society: Homepage,"Impacted Members/Scientists: Request a membership waiver, seek meeting support, and other resources. Learn more. For the latest public policy updates, ...",,,,unknown,0,,unknown,,resource_page,unknown,passed,,,review,pending,review,unavailable,HTTP 403,2026-07-22T08:45:07.253Z,2026-07-22T08:45:07.253Z
bo_aud1uf,keyword,astrologywiki,"[{""mode"":""keyword"",""input"":""astrologywiki"",""language"":""en"",""region"":""us"",""provider"":""searxng""}]",https://library.ics.sas.ac.uk/collection/digital-resources/open-access-resources,library.ics.sas.ac.uk,Open access resources | Hellenic and Roman Library,"The editors of the CUCD Bulletin are delighted to circulate a 14 page article (link in the title above) on the use of Wikipedia in Classics Education, drawing ...",,,,unknown,0,,unknown,,resource_page,unknown,passed,,,review,pending,review,unavailable,HTTP 403,2026-07-22T08:45:07.253Z,2026-07-22T08:45:07.253Z
bo_q3hnzg,keyword,astrologywiki,"[{""mode"":""keyword"",""input"":""astrologywiki"",""language"":""en"",""region"":""us"",""provider"":""searxng""}]",https://www.swaymedical.com/,swaymedical.com,Sway Medical - Mobile Concussion Management - Accurate & Easy Concussion Testing,"Sway Medical - Mobile Concussion Management - Accurate & Easy Concussion Testing Healthy Roster acquired Sway Medical! Learn More Solutions Sports Streamline baseline testing, sideline evaluations, and the RTL & RTP processes. Clinics Use Sway in the clinic for sports, fall risk, balance, and more. Platform Tests Balance Sway objectively measures postural sway through the device&#x27;s built in accelerometer. Cognition Explore our cognitive tests measuring various domains. Function Track 3D move",,,,unknown,13,,unknown,,other,unknown,passed,,,qualified,pending,normal,checked,,2026-07-22T08:45:07.253Z,2026-07-22T08:45:07.253Z
bo_1wo3sya,keyword,astrologywiki,"[{""mode"":""keyword"",""input"":""astrologywiki"",""language"":""en"",""region"":""us"",""provider"":""searxng""}]",https://gundfoundation.org/,gundfoundation.org,The George Gund Foundation &#8211; A nonprofit institution with the sole purpose of contributing to human well-being and the progress of society,The George Gund Foundation &#8211; A nonprofit institution with the sole purpose of contributing to human well-being and the progress of society Vision &#038; Values Who We Are History Our Team Contact Financials Grantee Perception Report Program Areas Climate Justice Culture + Arts Economic Justice Public Education Social Justice Photography Current Commission Archive Commissions News Grantmaking Grants Overview Grant Guidelines Application Deadlines Post-Award Information Awarded Grants Grants,,,,unknown,5,,unknown,,resource_page,unknown,passed,,,qualified,pending,normal,checked,,2026-07-22T08:45:07.253Z,2026-07-22T08:45:07.253Z
bo_1iddmc9,keyword,astrologywiki,"[{""mode"":""keyword"",""input"":""astrologywiki"",""language"":""en"",""region"":""us"",""provider"":""searxng""}]",https://www.youtube.com/PBS,youtube.com,PBS - YouTube,"About Press Copyright Contact us Creators Advertise Developers Terms Privacy Policy & Safety How YouTube works Test new features NFL Sunday Ticket &copy; 2026 Google LLC PBS - YouTube var ytInitialData = {""responseContext"":{""serviceTrackingParams"":[{""service"":""GFEEDBACK"",""params"":[{""key"":""route"",""value"":""channel.""},{""key"":""is_owner"",""value"":""false""},{""key"":""is_alc_surface"",""value"":""false""},{""key"":""browse_id"",""value"":""UCgyeJxD05YnoDquRMNBfBqw""},{""key"":""browse_id_prefix"",""value"":""""},{""key"":""logged",,,,unknown,2,,unknown,,other,unknown,passed,,,qualified,pending,normal,checked,,2026-07-22T08:45:07.253Z,2026-07-22T08:45:07.253Z
bo_3oy390,keyword,astrologywiki,"[{""mode"":""keyword"",""input"":""astrologywiki"",""language"":""en"",""region"":""us"",""provider"":""searxng""}]",https://www.geotrust.com/,geotrust.com,GeoTrust | SSL Digital Certificate Authority | Encryption & Authentication,GeoTrust | SSL Digital Certificate Authority | Encryption & Authentication --> --> --> --> --> Contact us Language CHOOSE YOUR LANGUAGE &times; English Español Deutsch Français Japanese Search &times; RECOMMENDED LINKS Compare Certificates GeoTrust TrueBusiness ID S/MIME Email Certificates Verified Mark Certificates (VMC) Code Signing Certificates Document Signing Certificates Certificates TLS/SSL CERTIFICATES Single Domain Buy Multi-Domain Buy Wildcard Domain Buy Compare All See DIGICERT CERTIF,,,,unknown,21,,unknown,,other,unknown,passed,,,qualified,pending,normal,checked,,2026-07-22T08:45:07.253Z,2026-07-22T08:45:07.253Z
bo_i3s8m2,keyword,astrologywiki,"[{""mode"":""keyword"",""input"":""astrologywiki"",""language"":""en"",""region"":""us"",""provider"":""searxng""}]",https://datainnovations.com/,datainnovations.com,Home - Data Innovations,"Home - Data Innovations Skip to content Solutions Products Resources Company Support FR ES PT ZH social link Contact Us Support Get expert help, training, and services to keep your lab running at its best. Learn More Customer Support Technical Resources Driver Listing Direct Licensing Resources IM Upgrade Resources Tips + Tricks Services Training Technical + Professional Services About Us Discover the DI difference. Careers Explore opportunities to join our team. News Get the latest DI updates. ",,,,unknown,10,,unknown,,other,unknown,passed,,,qualified,pending,normal,checked,,2026-07-22T08:45:07.253Z,2026-07-22T08:45:07.253Z
bo_9ycdee,keyword,astrologywiki,"[{""mode"":""keyword"",""input"":""astrologywiki"",""language"":""en"",""region"":""us"",""provider"":""searxng""}]",https://www.nodalexchange.com/,nodalexchange.com,Welcome to Nodal Exchange - Nodal Exchange,"Welcome to Nodal Exchange - Nodal Exchange Skip to content Nodal Exchange The Next Generation of Power Trading Products &#038; Services Nodal Clear Resources Regulation About Us Contact Us Search: Login Visit Nodal Clear Products &#038; Services Nodal Clear Resources Regulation About Us Contact Us Leading innovation in risk management. Nodal offers the largest set of power and environmental futures and options contracts worldwide, providing superior risk management. Visit Products & Services New",,,,unknown,11,,unknown,,other,unknown,passed,,,qualified,pending,normal,checked,,2026-07-22T08:45:07.253Z,2026-07-22T08:45:07.253Z
bo_t07bcg,keyword,astrologywiki,"[{""mode"":""keyword"",""input"":""astrologywiki"",""language"":""en"",""region"":""us"",""provider"":""searxng""}]",https://www.tacocomfort.com/start/index.php,tacocomfort.com,Taco,"Taco --> Selection tools Find a rep Visit site --> A new standard of performance from the Department of Energy (DOE) is coming in May of 2028! At Taco, we are leading the transition from AC to ECM technology, helping you meet new efficiency standards and deliver better performance for every system. Stay ahead of the change with Taco. ARE YOU READY? A closer look -->     RELIABLE EFFICIENT economical How we work From our high-quality products to the ways we build our partnerships, everything we d",,,,unknown,5,,unknown,,resource_page,unknown,passed,,,qualified,pending,normal,checked,,2026-07-22T08:45:07.253Z,2026-07-22T08:45:07.253Z
bo_19xw2fh,keyword,astrologywiki,"[{""mode"":""keyword"",""input"":""astrologywiki"",""language"":""en"",""region"":""us"",""provider"":""searxng""}]",https://www.astrologywiki.com/en/wiki,astrologywiki.com,Astrology Wiki,"Astrology Wiki Astrology Wiki Archetypes, symbols, and inner dynamics in astrology. AstrologyWiki · EN Open the interactive wiki Loading...",,,,unknown,0,,unknown,,other,unknown,passed,,,qualified,pending,normal,checked,,2026-07-22T08:45:07.253Z,2026-07-22T08:45:07.253Z
bo_rgtcrk,keyword,astrologywiki,"[{""mode"":""keyword"",""input"":""astrologywiki"",""language"":""en"",""region"":""us"",""provider"":""searxng""}]",https://www.reddit.com/r/TheOA/comments/c2r7sp/saturn_and_saturn_black_cube_symbolism,reddit.com,Reddit - Please wait for verification,Reddit - Please wait for verification,,,,unknown,0,,unknown,,resource_page,unknown,passed,,,qualified,pending,normal,checked,,2026-07-22T08:45:07.253Z,2026-07-22T08:45:07.253Z
bo_1px32r0,keyword,astrologywiki,"[{""mode"":""keyword"",""input"":""astrologywiki"",""language"":""en"",""region"":""us"",""provider"":""searxng""}]",https://www.astrologywiki.com/en,astrologywiki.com,AstrologyWiki: Psychological Astrology Wiki,AstrologyWiki: Psychological Astrology Wiki AstrologyWiki: Psychological Astrology Wiki A modern astrology knowledge base for self-discovery. AstrologyWiki · EN Open the interactive experience Loading...,,,,unknown,0,,unknown,,other,unknown,passed,,,qualified,pending,normal,checked,,2026-07-22T08:45:07.253Z,2026-07-22T08:45:07.253Z
bo_w3ooep,keyword,astrologywiki,"[{""mode"":""keyword"",""input"":""astrologywiki"",""language"":""en"",""region"":""us"",""provider"":""searxng""}]",https://www.reddit.com/r/beginnerastrology/wiki/subreddits,reddit.com,Reddit - Please wait for verification,Reddit - Please wait for verification,,,,unknown,0,,unknown,,resource_page,unknown,passed,,,qualified,pending,normal,checked,,2026-07-22T08:45:07.253Z,2026-07-22T08:45:07.253Z
bo_ptxicj,keyword,astrologywiki,"[{""mode"":""keyword"",""input"":""astrologywiki"",""language"":""en"",""region"":""us"",""provider"":""searxng""}]",https://en.wikipedia.org/wiki/Wikipedia:Mirrors_and_forks/All,en.wikipedia.org,Wikipedia:Mirrors and forks/All - Wikipedia,Wikipedia:Mirrors and forks/All - Wikipedia Jump to content Main menu Main menu move to sidebar hide Navigation Main page Contents Current events Random article About Wikipedia Contact us Contribute Help Learn to edit Community portal Recent changes Upload file Special pages Search Search Appearance Donate Create account Log in Personal tools Donate Create account Log in Contents move to sidebar hide (Top) 1 A list of All the mirrors Toggle A list of All the mirrors subsection 1.1 Numbers 2 comm,,,,unknown,650,,unknown,,resource_page,unknown,rejected,gambling,matched:casino,rejected,pending,excluded,checked,,2026-07-22T08:45:07.253Z,2026-07-22T08:45:07.253Z
bo_hhagth,keyword,astrologywiki,"[{""mode"":""keyword"",""input"":""astrologywiki"",""language"":""en"",""region"":""us"",""provider"":""searxng""}]",https://astrology.fandom.com/wiki/Main_Page,astrology.fandom.com,Main Page - Astrology Wiki | Fandom,"Astrology Wiki is a community site that anyone can contribute to. Discover, share and add your knowledge!",,,,unknown,0,,unknown,,guest_post,unknown,passed,,,review,pending,review,unavailable,HTTP 403,2026-07-22T08:45:07.253Z,2026-07-22T08:45:07.253Z
bo_1u93c34,keyword,astrologywiki,"[{""mode"":""keyword"",""input"":""astrologywiki"",""language"":""en"",""region"":""us"",""provider"":""searxng""}]",https://en.wikisource.org/wiki/Portal:Astrology,en.wikisource.org,"Astrology - Wikisource, the free online library","Astrology - Wikisource, the free online library Jump to content Main menu Main menu move to sidebar hide Navigation Main Page Community portal Central discussion Recent changes Subject index Authors Random work Random author Random transcription Help Special pages Search Search Appearance Donate Create account Log in Personal tools Donate Create account Log in Contents move to sidebar hide Beginning 1 Horoscopes 2 Scholary works 3 Reference 4 Books Toggle the table of contents Portal : Astrology",,,,unknown,26,,unknown,,other,unknown,passed,,,qualified,pending,normal,checked,,2026-07-22T08:45:07.253Z,2026-07-22T08:45:07.253Z
bo_swq0dl,keyword,astrologywiki,"[{""mode"":""keyword"",""input"":""astrologywiki"",""language"":""en"",""region"":""us"",""provider"":""searxng""}]",https://en.wikiquote.org/wiki/Astrology,en.wikiquote.org,Astrology - Wikiquote,Astrology - Wikiquote Jump to content Main menu Main menu move to sidebar hide Navigation Main page Community portal Village pump Recent changes Random page Help Contact Wikiquote Wikiquote links People Literary works Proverbs Films TV shows Themes Categories Search Search Appearance Donate Create account Log in Personal tools Donate Create account Log in Contents move to sidebar hide Beginning 1 Quotes Toggle Quotes subsection 1.1 B 1.2 D 1.3 F 1.4 G 1.5 H 1.6 I 1.7 K 1.8 L 1.9 M 1.10 P 1.11 R ,,,,unknown,62,,unknown,,other,unknown,passed,,,qualified,pending,normal,checked,,2026-07-22T08:45:07.253Z,2026-07-22T08:45:07.253Z
bo_9baqfy,keyword,astrologywiki,"[{""mode"":""keyword"",""input"":""astrologywiki"",""language"":""en"",""region"":""us"",""provider"":""searxng""}]",https://en.wikipedia.org/wiki/Category:Astrology,en.wikipedia.org,Category:Astrology - Wikipedia,Category:Astrology - Wikipedia Jump to content Main menu Main menu move to sidebar hide Navigation Main page Contents Current events Random article About Wikipedia Contact us Contribute Help Learn to edit Community portal Recent changes Upload file Special pages Search Search Appearance Donate Create account Log in Personal tools Donate Create account Log in Category : Astrology 113 languages Afrikaans Alemannisch Aragonés العربية مصرى অসমীয়া Asturianu Azərbaycanca Башҡортса Беларуская (тарашке,,,,unknown,136,,unknown,,other,unknown,passed,,,qualified,pending,normal,checked,,2026-07-22T08:45:07.253Z,2026-07-22T08:45:07.253Z
bo_1itkil6,keyword,astrologywiki,"[{""mode"":""keyword"",""input"":""astrologywiki"",""language"":""en"",""region"":""us"",""provider"":""searxng""}]",https://theosophy.wiki/en/Astrology,theosophy.wiki,Astrology - Theosophy Wiki,"This book has an index of illnesses with planetary involvement. In The ... Oriental Astrology, page 120. ↑ Theosophy World Resource Center. Astrology.",,,,unknown,0,,unknown,,resource_page,unknown,passed,,,review,pending,review,unavailable,HTTP 403,2026-07-22T08:45:07.253Z,2026-07-22T08:45:07.253Z
bo_dlse2z,keyword,astrologywiki,"[{""mode"":""keyword"",""input"":""astrologywiki"",""language"":""en"",""region"":""us"",""provider"":""searxng""}]",http://vedicastrology.wikidot.com/,vedicastrology.wikidot.com,Start - Vedic Astrology,"Start - Vedic Astrology Vedic Astrology Vedic Jyotisha Unravelled ! Tutorial Start Overview Hindu Calendar Planetary Traits-1 Origin and Meaning of Horoscopic Houses Own Sign, Exaltation and Moola Trikona of Nodes Friendships How To Make Correct Predictions Ayanamsha vs Precession Bhaavachalita Udaya-Asta or Heliacal Risings and Settings Origin of 150 Naadis Vimshottari Year Length Dashaa-Level Nomenclature Sudarshana Chakra Arudha-pada and Other Padas Ashtaka Varga Vipareet Raja Yoga Karakamsha",,,,unknown,5,,unknown,,other,unknown,passed,,,qualified,pending,normal,checked,,2026-07-22T08:45:07.253Z,2026-07-22T08:45:07.253Z
bo_1vlffoi,keyword,astrologywiki,"[{""mode"":""keyword"",""input"":""astrologywiki"",""language"":""en"",""region"":""us"",""provider"":""searxng""}]",https://en.anthro.wiki/Category:Astrology,en.anthro.wiki,Category:Astrology - AnthroWiki,"Category:Astrology - AnthroWiki Anonymous Not logged in Log in AnthroWiki Search exploring together new paths of knowledge A free initiative by people at anthro.wiki , anthro.world and biodyn.wiki Find out how you can support the further development of AnthroWiki with your donation. ᐃ ᐁ Help Category : Astrology From AnthroWiki Namespaces Category Discussion More More Page actions Read View source History Astrology is based on the systematic interpretation of the relationship of certain cosmic c",,,,unknown,13,,unknown,,other,unknown,passed,,,qualified,pending,normal,checked,,2026-07-22T08:45:07.253Z,2026-07-22T08:45:07.253Z
bo_u3oj4w,keyword,astrologywiki,"[{""mode"":""keyword"",""input"":""astrologywiki"",""language"":""en"",""region"":""us"",""provider"":""searxng""}]",https://www.iana.org/domains/root/db,iana.org,Root Zone Database,"Root Zone Database Domains Protocols Numbers About Root Zone Database The Root Zone Database represents the delegation details of top-level domains, including gTLDs such as .com , and country-code TLDs such as .uk . As the manager of the DNS root zone, we are responsible for coordinating these delegations in accordance with our policies and procedures . Much of this data is also available via the WHOIS protocol at whois.iana.org . Domain Type TLD Manager .aaa generic American Automobile Associat",,,,unknown,5,,unknown,,other,unknown,passed,,,qualified,pending,normal,checked,,2026-07-22T08:45:07.253Z,2026-07-22T08:45:07.253Z
bo_1wqo01q,keyword,astrologywiki,"[{""mode"":""keyword"",""input"":""astrologywiki"",""language"":""en"",""region"":""us"",""provider"":""searxng""}]",https://www.akaipro.com/,akaipro.com,Music Production Hardware & Software | Akai Professional,"Music Production Hardware & Software | Akai Professional Products MPC Series Keyboards Controllers Software Company About Us Dealers Support Downloads Contact Us Repairs Account Login Looking for Software ? Find Effects, Expansions, Instruments and Presets at thempcstore.com © 2026 inMusic, Inc. All Rights Reserved. Dealers | Support | Careers | Privacy | Terms of Use | Part of the inMusic family of brands",,,,unknown,12,,unknown,,other,unknown,passed,,,qualified,pending,normal,checked,,2026-07-22T08:45:07.253Z,2026-07-22T08:45:07.253Z
bo_1enqyj3,keyword,astrologywiki,"[{""mode"":""keyword"",""input"":""astrologywiki"",""language"":""en"",""region"":""us"",""provider"":""searxng""}]",https://www.google.com/search?aep=11&q=As+someone+responsible+for+strategic+planning+within+a+complex+institution%2C+I%27m+evaluating+labor+market+data+providers.+Tell+me+about+the+key+advantages+of+using+Lightcast+%28lightcast.io%29%2C+particularly+concerning+the+breadth+and+relliability+of+their+data+and+its+practical+usability+for+driving+decisions.,google.com,Google Search,"Google Search If you're having trouble accessing Google Search, please  click here , or send  feedback .",,,,unknown,1,,unknown,,other,unknown,passed,,,qualified,pending,normal,checked,,2026-07-22T08:45:07.253Z,2026-07-22T08:45:07.253Z
bo_p6ycw5,keyword,astrologywiki,"[{""mode"":""keyword"",""input"":""astrologywiki"",""language"":""en"",""region"":""us"",""provider"":""searxng""}]",https://www.facebook.com/slugsandbugs,facebook.com,Slugs & Bugs,Slugs & Bugs,,,,unknown,0,,unknown,,other,unknown,passed,,,qualified,pending,normal,checked,,2026-07-22T08:45:07.253Z,2026-07-22T08:45:07.253Z
bo_4t0tb5,keyword,astrologywiki,"[{""mode"":""keyword"",""input"":""astrologywiki"",""language"":""en"",""region"":""us"",""provider"":""searxng""}]",https://inductiveautomation.com/ignition,inductiveautomation.com,"One Industrial Platform for SCADA, IIoT, MES, and More | Ignition","One Industrial Platform for SCADA, IIoT, MES, and More | Ignition Menu &#x2715; Search USA Algeria, Saudi Arabia, Tunisia & UAE Brazil Central America & Colombia France Italy Norway Sweden Sub-Saharan Africa Switzerland Austria & Germany Denmark Community Forums Customer Feedback Inductive Automation Inductive University Integrator Account Ignition Exchange Product Platform Ignition Overview Unlimited Licensing Universal Platform Solution Suites Modules Designer Architectures System Security See",,,,unknown,50,,unknown,,other,unknown,passed,,,qualified,pending,normal,checked,,2026-07-22T08:45:07.253Z,2026-07-22T08:45:07.253Z
bo_1mutytz,keyword,astrologywiki,"[{""mode"":""keyword"",""input"":""astrologywiki"",""language"":""en"",""region"":""us"",""provider"":""searxng""}]",https://www.grants.gov/forms/forms-repository,grants.gov,Forms Repository | Grants.gov,"Forms Repository | Grants.gov An official website of the United States government Here's how you know Here's how you know Official websites use .gov A .gov website belongs to an official government organization in the United States. Secure .gov websites use HTTPS A lock ( Lock Locked padlock icon ) or https:// means you've safely connected to the .gov website. Share sensitive information only on official, secure websites. Menu Search Site Content Help Register Login Search GRANTS.GOV Forms Forms",,,,unknown,17,,unknown,,other,unknown,passed,,,qualified,pending,normal,checked,,2026-07-22T08:45:07.253Z,2026-07-22T08:45:07.253Z
bo_7d9rmp,keyword,astrologywiki,"[{""mode"":""keyword"",""input"":""astrologywiki"",""language"":""en"",""region"":""us"",""provider"":""searxng""}]",https://scrs.com/,scrs.com,Society of Collision Repair Specialists,Society of Collision Repair Specialists Skip to content Call Us Today! 877.841.0660 RDN Facebook X LinkedIn YouTube About Us About Us Who We Are Making A Difference In Our Industry History of SCRS Contact Us Membership Member Benefits SCRS Healthcare SCRS 401(k) Plan Savi Student Loan Benefit Join SCRS Platinum Members Company Members Corporate Members Affiliate Associations Awards Refund Policies Member Directory Resources COVID19 Resources Advocacy Consent Decree Videos Publications Technical ,,,,unknown,39,,unknown,,resource_page,unknown,passed,,,qualified,pending,normal,checked,,2026-07-22T08:45:07.253Z,2026-07-22T08:45:07.253Z
bo_12aq3ot,keyword,astrologywiki,"[{""mode"":""keyword"",""input"":""astrologywiki"",""language"":""en"",""region"":""us"",""provider"":""searxng""}]",https://www.instagram.com/dcpublicschools?hl=en,instagram.com,DC Public Schools (&#064;dcpublicschools) • Instagram photos and videos,DC Public Schools (&#064;dcpublicschools) • Instagram photos and videos,,,,unknown,0,,unknown,,other,unknown,passed,,,qualified,pending,normal,checked,,2026-07-22T08:45:07.253Z,2026-07-22T08:45:07.253Z
bo_5uuh3b,keyword,astrologywiki,"[{""mode"":""keyword"",""input"":""astrologywiki"",""language"":""en"",""region"":""us"",""provider"":""searxng""}]",https://thewoodwhisperer.com/,thewoodwhisperer.com,Homepage - The Wood Whisperer,Homepage - The Wood Whisperer Videos The Shop Marc&#8217;s Shop Safety Tools Workbenches Shop Tours Projects All Accessories Cabinets and Casework Instruments Kids Seating and Sleeping Tables & Desks Viewer Projects Woodshop Store Join the Guild Community Newsletter Calendar Forum Videos The Shop Marc&#8217;s Shop Safety Tools Workbenches Shop Tours Projects All Accessories Cabinets and Casework Instruments Kids Seating and Sleeping Tables & Desks Viewer Projects Woodshop Store Join the Guild Co,,,,unknown,37,,unknown,,other,unknown,passed,,,qualified,pending,normal,checked,,2026-07-22T08:45:07.253Z,2026-07-22T08:45:07.253Z
bo_1cum69d,keyword,astrologywiki,"[{""mode"":""keyword"",""input"":""astrologywiki"",""language"":""en"",""region"":""us"",""provider"":""searxng""}]",https://www.freeai.run/product/esotericai,freeai.run,esotericAI – Free AI Tool,esotericAI – Free AI Tool Skip to main content FreeAi.run Free Tools Products Category Search Explore Skills Plans Submit Home Artificial intelligence esotericAI esotericAI Visit Website AI-powered tarot readings and astrological insights to unlock your destiny. # Artificial intelligence # Daily Life # Productivity Previous slide Next slide esotericAI Introduction What website is this? esotericAI (esotericai.xyz) is an AI spirituality interpretation platform that combines tarot and astrology in ,,,,unknown,10,,unknown,,tool_directory,unknown,passed,,,qualified,pending,normal,checked,,2026-07-22T08:45:07.253Z,2026-07-22T08:45:07.253Z
bo_1nbwm9f,keyword,astrologywiki,"[{""mode"":""keyword"",""input"":""astrologywiki"",""language"":""en"",""region"":""us"",""provider"":""searxng""}]",https://twelve.tools/c/artificial-intelligence,twelve.tools,12 Best Artificial Intelligence Tools — twelve.tools,"12 Best Artificial Intelligence Tools — twelve.tools Artificial Intelligence BrainrotKit Create editable AI short videos from text, PDFs and ideas.   # artificial-intelligence Lillian AI-powered influencer assistant delivering creator insights and strategies   # business-intelligence   # artificial-intelligence HubVanta AI AI image and video creation tools for generating visuals from prompts.   # artificial-intelligence StopScroll AI thumbnail maker for YouTube creators using URLs, titles, promp",,,,unknown,21,,unknown,,tool_directory,unknown,passed,,,qualified,pending,normal,checked,,2026-07-22T08:45:07.253Z,2026-07-22T08:45:07.253Z
bo_c0bqkg,keyword,astrologywiki,"[{""mode"":""keyword"",""input"":""astrologywiki"",""language"":""en"",""region"":""us"",""provider"":""searxng""}]",https://poweredbyai.app/alternatives/midjourney,poweredbyai.app,Best Midjourney Alternatives in 2026 | PoweredbyAI,"Best Midjourney Alternatives in 2026 | PoweredbyAI AI Styling Studio — Infinite avatar looks from just 1 photo. Try it now . Categories Advertise Exclusive Deals AI Agents Blog Submit your Tool Submit your Tool Submit your Tool 10,000+ AI tools already listed 10K+ Tools 180K+ /mo Views 60K+ /mo Visitors Categories Discover Latest Added Tools Top AI Tools Trending Tools Free AI Tools AI News Resources Get Featured HOT Exclusive Deals Ask Alice New AI Agents 🤖 Prompts Blog Newsletter Sign in 10,0",,,,unknown,16,,unknown,,tool_directory,unknown,passed,,,qualified,pending,normal,checked,,2026-07-22T08:45:07.253Z,2026-07-22T08:45:07.253Z
bo_xob8oj,keyword,astrologywiki,"[{""mode"":""keyword"",""input"":""astrologywiki"",""language"":""en"",""region"":""us"",""provider"":""searxng""}]",https://www.freeai.run/,freeai.run,Discover the Best Free AI Tools & Websites - FreeAi.run,"Skip to main content FreeAi.run Free Tools Products Category Search Explore Skills Plans Submit Discover The Best Free AI Tools & Websites Browse a curated directory of free AI tools and AI websites across all categories Internal ChatGPT Perplexity Google Claude Bing Search 💬 Chatbots 🎨 Image Gen 📝 Copywriting 💻 Coding FreeAi.run FreeAi.run, Discover The Best Free AI Tools & Websites Built with FreeAi.run Products Pricing Skills Support Contact Us Languages English 中文 日本語 Friends BlackScreen",,,,unknown,56,,unknown,,tool_directory,unknown,passed,,,qualified,pending,normal,checked,,2026-07-22T08:45:07.253Z,2026-07-22T08:45:07.253Z
bo_115pcy3,keyword,astrologywiki,"[{""mode"":""keyword"",""input"":""astrologywiki"",""language"":""en"",""region"":""us"",""provider"":""searxng""}]",https://thataicollection.com/categories,thataicollection.com,Top Applications of Each Category on AI Collection,"Top Applications of Each Category on AI Collection Search 4,000+ AI tools… ⌘ K Writers Designers Developers Marketers Creators Blog Compare ✦ Submit with AI ✦ Submit with AI English español Français Русский 简体中文 Hindi Sign up Browse by audience ✍️ Writers 🎨 Designers 💻 Developers 📈 Marketers 🎓 Students 🎬 Creators More Blog Compare tools All categories About Language English español Français Русский 简体中文 Hindi Sign up Esc to close Home Categories Top Applications of Each Category on AI Colle",,,,unknown,5,,unknown,,tool_directory,unknown,passed,,,qualified,pending,normal,checked,,2026-07-22T08:45:07.253Z,2026-07-22T08:45:07.253Z
bo_gs0ayr,keyword,astrologywiki,"[{""mode"":""keyword"",""input"":""astrologywiki"",""language"":""en"",""region"":""us"",""provider"":""searxng""}]",https://www.aitoolgenz.com/,aitoolgenz.com,AIToolGenZ.com - AI Tools Directory | aitoolgenz.com,"AIToolGenZ.com - AI Tools Directory | aitoolgenz.com AiToolGenZ .com AI Tools Directory Ai Future of AI Submit Your Tool &#10024; 100% Free 0 Tools 14 Categories Updated Daily LIVE AI Tools Directory &#8212; Discover the Best AI Tools for Every Use Case Browse, compare and filter verified AI tools by category and pricing. Updated daily with the newest tools for writing, image, video, coding, marketing and more. Showing 0 tools Sort: Default Name A-Z Newest Trending 📚 Latest Articles View all &#",,,,unknown,0,,unknown,,tool_directory,unknown,passed,,,qualified,pending,normal,checked,,2026-07-22T08:45:07.253Z,2026-07-22T08:45:07.253Z
bo_1bs4d44,keyword,astrologywiki,"[{""mode"":""keyword"",""input"":""astrologywiki"",""language"":""en"",""region"":""us"",""provider"":""searxng""}]",https://developers.openai.com/api/llms-full.txt,developers.openai.com,llms-full.txt - OpenAI Developers,... wiki/Reciprocal_rank_fusion). Increase this weight to favor chunks that are close ... submit your tool outputs before the 10 min mark. You will see two ...,,,,unknown,0,,unknown,,tool_directory,unknown,passed,,,review,pending,review,unavailable,Unsupported content type: text/plain; charset=utf-8,2026-07-22T08:45:07.253Z,2026-07-22T08:45:07.253Z
bo_1nx6cx7,keyword,astrologywiki,"[{""mode"":""keyword"",""input"":""astrologywiki"",""language"":""en"",""region"":""us"",""provider"":""searxng""}]",https://oxfordastrologer.com/2011/03/astrology-is-not-a-science-so-what-is-it.html,oxfordastrologer.com,Astrology Is Not a Science; So What Is It? - The Oxford Astrologer,Astrology Is Not a Science; So What Is It? - The Oxford Astrologer Home Membership Member&#8217;s Page Why Join The OA Join Us Consultations Articles On Culture Aspects of Astrology She&#8217;s Rising Perspectives on Power Profiles Resident on Earth View All Articles Podcast About Me Contact FAQs Shop Lilith Untamed: Get the Book Member Login Astrology Is Not a Science; So What Is It? Tuesday March 29th 2011 Our lot often gets hot under the collective collar when scientists diss astrology . Rece,,,,unknown,23,,unknown,,blog_comment,unknown,passed,,,qualified,pending,normal,checked,,2026-07-22T08:45:07.253Z,2026-07-22T08:45:07.253Z
bo_1g23428,keyword,astrologywiki,"[{""mode"":""keyword"",""input"":""astrologywiki"",""language"":""en"",""region"":""us"",""provider"":""searxng""}]",https://aimlastrology.in/e011,aimlastrology.in,E011. Exaltation and debilitation of planets – Testing astronomically – Part 1 of 2 - AI ML in Astrology,E011. Exaltation and debilitation of planets – Testing astronomically – Part 1 of 2 - AI ML in Astrology Skip to content முகப்பு Home Services ஜோதிடக் கட்டுரைகள் Astrology Articles in English Educational Videos Astrology for Common Man (பொதுமக்களுக்கான ஜோதிடம்) Ms Excel கணித வகுப்பு தொடர் Guest Speaker Appearances About Us About Dr. Ramesh Thangavel Contact Us Fair usage &#038; Disclaimer முகப்பு Home Services ஜோதிடக் கட்டுரைகள் Astrology Articles in English Educational Videos Astrology for Comm,,,,unknown,9,,unknown,,blog_comment,unknown,passed,,,qualified,pending,normal,checked,,2026-07-22T08:45:07.253Z,2026-07-22T08:45:07.253Z
bo_8mgrso,keyword,astrologywiki,"[{""mode"":""keyword"",""input"":""astrologywiki"",""language"":""en"",""region"":""us"",""provider"":""searxng""}]",https://sevenstarsastrology.com/astrological-predictive-techniques-1-profections-intro,sevenstarsastrology.com,Astrological Predictive Techniques | 1. Profections Intro - Seven Stars Astrology,Astrological Predictive Techniques | 1. Profections Intro - Seven Stars Astrology Skip to content Latest: Trump&#8217;s 2nd Impeachment: Timed to Mars Antiscia Give Yourself the Gift of Traditional Astrological Texts: HOROI Project The Trump Eclipse: The Timing of Trump&#8217;s Election Loss The Anachronism of Hellenistic Detriment: What the Astrology Podcast Left Out Is Astrology Geocentric? Seven Stars Astrology Ancient Hellenistic and Persian Astrology in Practice Home Analysis Belief Profess,,,,unknown,67,,unknown,,blog_comment,unknown,passed,,,qualified,pending,normal,checked,,2026-07-22T08:45:07.253Z,2026-07-22T08:45:07.253Z
bo_1w4tzl3,keyword,astrologywiki,"[{""mode"":""keyword"",""input"":""astrologywiki"",""language"":""en"",""region"":""us"",""provider"":""searxng""}]",https://podcastindeath.com/danger-headlines-unexpected-challenges-in-death-astrology,podcastindeath.com,"Danger, Headlines, & Unexpected Challenges - In Death Astrology - Podcast in Death","Danger, Headlines, & Unexpected Challenges - In Death Astrology - Podcast in Death Podcast in Death Home The Podcast Podcast Episodes Who We Are Contact Us Buy Merch!! Links In Death Wiki JDRobbFans.com JD Robb Official Page Find Your Next Nora Roberts Book! PID Password Generator PID Secret Key Generator search menu search Search close close Home The Podcast Podcast Episodes Who We Are Contact Us Buy Merch!! Links In Death Wiki JDRobbFans.com JD Robb Official Page Find Your Next Nora Roberts Bo",,,,unknown,47,,unknown,,blog_comment,unknown,passed,,,qualified,pending,normal,checked,,2026-07-22T08:45:07.253Z,2026-07-22T08:45:07.253Z
bo_h8kgdc,keyword,astrologywiki,"[{""mode"":""keyword"",""input"":""astrologywiki"",""language"":""en"",""region"":""us"",""provider"":""searxng""}]",https://eyeoftheveda.com/2022/09/on-mrigashira-nakshatra-from-the-ongoing-nakshatra-course,eyeoftheveda.com,On Mrigashira or Invaka (From The Nakshatra Course) - Eye of the Veda,On Mrigashira or Invaka (From The Nakshatra Course) - Eye of the Veda Skip to content Eye of the Veda Vedic Astrology And Yogic Philosophy Menu About Corey Dowds Astrological Services Learn Vedic Astrology With Me On Patreon Schedule a Session The Nakshatra Manual Unlock Your Potential With Vedic Astrological Life Coaching Tutoring/Learning Jyotish Testimonials Automated Astrology Reports Learn to Meditate Frequently Asked Questions Feedback Sanskrit Dictionary Links What Can an Astrologer Do? W,,,,unknown,7,,unknown,,blog_comment,unknown,passed,,,qualified,pending,normal,checked,,2026-07-22T08:45:07.253Z,2026-07-22T08:45:07.253Z
bo_14os151,keyword,astrologywiki,"[{""mode"":""keyword"",""input"":""astrologywiki"",""language"":""en"",""region"":""us"",""provider"":""searxng""}]",https://neoacademic.com/2014/02/14/nsf-report-flawed-americans-do-not-believe-astrology-is-scientific,neoacademic.com,NSF Report Flawed; Americans Do Not Believe Astrology is Scientific,"NSF Report Flawed; Americans Do Not Believe Astrology is Scientific Skip to content NeoAcademic Search for: Home About Richard Landers Consulting I/O Grad School Series NeoAcademic technology, education and training from an industrial/organizational (I/O) psychologist Home About Richard Landers Consulting I/O Grad School Series education / Professorship / research methods / Scholarly Pursuits / Statistics 63 NSF Report Flawed; Americans Do Not Believe Astrology is Scientific A report from the Na",,,,unknown,54,,unknown,,blog_comment,unknown,passed,,,qualified,pending,normal,checked,,2026-07-22T08:45:07.253Z,2026-07-22T08:45:07.253Z
bo_6gvsy5,keyword,astrologywiki,"[{""mode"":""keyword"",""input"":""astrologywiki"",""language"":""en"",""region"":""us"",""provider"":""searxng""}]",https://thebannercsi.com/2019/05/20/a-sagittarius-burning-question-can-an-aries-light-your-fire,thebannercsi.com,A Sagittarius’ Burning Question: Can an Aries Light Your Fire? &#8211; The Banner Newspaper,A Sagittarius’ Burning Question: Can an Aries Light Your Fire? &#8211; The Banner Newspaper Skip to content The Banner Newspaper For the students by the students Menu Primary Navigation About The Banner Contact Us Editors & Staff Arts News Campus City/State-Wide Lifestyles Opinion Sports Politics Sex and Relationships April Fools! Social Navigation About The Banner Contact Us Editors & Staff Arts News Campus City/State-Wide Lifestyles Opinion Sports Politics Sex and Relationships April Fools! Li,,,,unknown,1,,unknown,,blog_comment,unknown,passed,,,qualified,pending,normal,checked,,2026-07-22T08:45:07.253Z,2026-07-22T08:45:07.253Z
bo_11t0fo5,keyword,astrologywiki,"[{""mode"":""keyword"",""input"":""astrologywiki"",""language"":""en"",""region"":""us"",""provider"":""searxng""}]",https://statmodeling.stat.columbia.edu/2020/04/11/42552,statmodeling.stat.columbia.edu,"Given that 30% of Americans believe in astrology, it's no surprise ...","Apr 11, 2020 ... As per https://en.wikipedia.org/wiki/Society_for_Scientific_Exploration (SSE) ... Leave a Reply Cancel reply. Your email address will not be ...",,,,unknown,0,,unknown,,blog_comment,unknown,passed,,,review,pending,review,unavailable,HTTP 403,2026-07-22T08:45:07.253Z,2026-07-22T08:45:07.253Z
bo_dp1p5a,keyword,astrologywiki,"[{""mode"":""keyword"",""input"":""astrologywiki"",""language"":""en"",""region"":""us"",""provider"":""searxng""}]",https://katymorikawa.com/reflections-on-venus-the-morning-star,katymorikawa.com,"Reflections on Venus, the Morning Star &#8226; Katy Morikawa","Reflections on Venus, the Morning Star &#8226; Katy Morikawa Skip to content No results Blog All Posts Nature &#038; Ecology Astrology Psychology &#038; Mental Health Self Help About Contact We use cookies to ensure that we give you the best experience on our website. Accept Decline Writer, Naturalist, Activist Blog All Posts Nature &#038; Ecology Astrology Psychology &#038; Mental Health Self Help About Contact Search Writer, Naturalist, Activist Menu Reflections on Venus, the Morning Star Katy",,,,unknown,18,,unknown,,blog_comment,unknown,passed,,,qualified,pending,normal,checked,,2026-07-22T08:45:07.253Z,2026-07-22T08:45:07.253Z
bo_teg06u,keyword,astrologywiki,"[{""mode"":""keyword"",""input"":""astrologywiki"",""language"":""en"",""region"":""us"",""provider"":""searxng""}]",https://vijayalur.com/2011/06/02/kota-chakra,vijayalur.com,Kota Chakra | JYOTHISHI,Kota Chakra | JYOTHISHI Home of Astro Solutuions Search JYOTHISHI Consultation Home Reviews Kota Chakra 2 Jun Kota Chakra Introduction Vedic astrology has proved that transiting planets have profound impact on every individual in their day to day life. Janma Nakshatra or Birth star has an important place in ones chart and often has been used as the starting point for predictions resulting from transiting planets. Kota Chakra is one such tool which can be used to predict the good & bad happenings,,,,unknown,12,,unknown,,blog_comment,unknown,passed,,,qualified,pending,normal,checked,,2026-07-22T08:45:07.253Z,2026-07-22T08:45:07.253Z
bo_1rr4g5l,keyword,astrologywiki,"[{""mode"":""keyword"",""input"":""astrologywiki"",""language"":""en"",""region"":""us"",""provider"":""searxng""}]",https://stelliumastrology.com/what-is-a-stellium-astrology,stelliumastrology.com,What is a Stellium in Astrology?,"Sep 8, 2018 ... A 1988 Capricorn Stellium with the Sun in Sagittarius · Spread the love! · Like this: · Leave a Reply · “She is OUTSTANDING!” · “Such a fantastic ...",,,,unknown,0,,unknown,,blog_comment,unknown,passed,,,review,pending,review,unavailable,This operation was aborted,2026-07-22T08:45:07.253Z,2026-07-22T08:45:07.253Z
bo_om0qoi,keyword,astrologywiki,"[{""mode"":""keyword"",""input"":""astrologywiki"",""language"":""en"",""region"":""us"",""provider"":""searxng""}]",https://sevenstarsastrology.com/astrology-profession-calling-occupation-actions,sevenstarsastrology.com,Astrology of Profession or Calling | 1. Technique - Seven Stars Astrology,Astrology of Profession or Calling | 1. Technique - Seven Stars Astrology Skip to content Latest: Trump&#8217;s 2nd Impeachment: Timed to Mars Antiscia Give Yourself the Gift of Traditional Astrological Texts: HOROI Project The Trump Eclipse: The Timing of Trump&#8217;s Election Loss The Anachronism of Hellenistic Detriment: What the Astrology Podcast Left Out Is Astrology Geocentric? Seven Stars Astrology Ancient Hellenistic and Persian Astrology in Practice Home Analysis Belief Profession Char,,,,unknown,44,,unknown,,blog_comment,unknown,passed,,,qualified,pending,normal,checked,,2026-07-22T08:45:07.253Z,2026-07-22T08:45:07.253Z
bo_gi88qw,keyword,astrologywiki,"[{""mode"":""keyword"",""input"":""astrologywiki"",""language"":""en"",""region"":""us"",""provider"":""searxng""}]",https://krishmuralieswar.com/learning-about-astrology-how-to-become-an-astrologer-like-prof-k-s-krishnamurti,krishmuralieswar.com,Learning About Astrology: How to become an astrologer like Prof. K S Krishnamurti?,"Learning About Astrology: How to become an astrologer like Prof. K S Krishnamurti? Skip to main content Skip to primary sidebar Krish Murali Eswar Heaven Inside Podcast Learn Astrology Online Appointment Contact Join WhatsApp You are here: Home / KundaliniYoga / Learning About Astrology: How to become an astrologer like Prof. K S Krishnamurti? Learning About Astrology: How to become an astrologer like Prof. K S Krishnamurti? May 28, 2021 by Krish Murali Eswar Leave a Comment Learning About Astro",,,,unknown,21,,unknown,,blog_comment,unknown,passed,,,qualified,pending,normal,checked,,2026-07-22T08:45:07.253Z,2026-07-22T08:45:07.253Z
bo_mttoor,keyword,astrologywiki,"[{""mode"":""keyword"",""input"":""astrologywiki"",""language"":""en"",""region"":""us"",""provider"":""searxng""}]",https://dailynews.co.tz/why-being-cautious-with-fake-news-matters,dailynews.co.tz,Why being cautious with fake news matters - Daily News,Why being cautious with fake news matters - Daily News Instagram YouTube Twitter Facebook Menu Search for Home Tanzania Dodoma History Learn Kiswahili Opportunities Religion Rural Tanzania Elections World Politics Diplomacy Elections Parliament Society Arts Books & Literature Culture Dating & Relationships Fashion & Beauty Food & Drinks Heritage Music Business Economy Finance Investment Tax Science &#038; Tech Health In-Depth Extractive Gas Mining Oil Sports Buy E-Paper Advertisement Guide and R,,,,unknown,66,,unknown,,blog_comment,unknown,passed,,,qualified,pending,normal,checked,,2026-07-22T08:45:07.253Z,2026-07-22T08:45:07.253Z
bo_yiir4h,keyword,astrologywiki,"[{""mode"":""keyword"",""input"":""astrologywiki"",""language"":""en"",""region"":""us"",""provider"":""searxng""}]",https://acethecase.com/blog/post/3640028,acethecase.com,The Skills and Preparation Needed For a Successful Case Interview,horoscope novembre balance horoscope poisson ascendant lion horoscope cancer horoscope lion juillet horoscope taureaux horoscope ... Leave a reply here and let me ...,,,,unknown,0,,unknown,,blog_comment,unknown,passed,,,review,pending,review,unavailable,fetch failed,2026-07-22T08:45:07.253Z,2026-07-22T08:45:07.253Z
bo_2bsrv8,keyword,astrologywiki,"[{""mode"":""keyword"",""input"":""astrologywiki"",""language"":""en"",""region"":""us"",""provider"":""searxng""}]",https://www.spiritofthescripture.com/id641-jesus-the-zodiac-and-higher-consciousness.html,spiritofthescripture.com,"Jesus, the Zodiac, and Higher Consciousness","Jesus, the Zodiac, and Higher Consciousness Skip links Skip to primary navigation Skip to content Skip to primary sidebar Skip to footer The Spirit of the Scripture Unveiling the Bible Main navigation All Blog Posts Welcome Archives On Meditation About Me Contact Me Guest Posts Requirements You are here: Home / Awakening / Jesus, the Zodiac, and Higher Consciousness Jesus, the Zodiac, and Higher Consciousness September 8, 2012 by Joshua Tilghman 23 Comments Share Pin Tweet 0 Shares In my last bl",,,,unknown,6,,unknown,,blog_comment,unknown,passed,,,qualified,pending,normal,checked,,2026-07-22T08:45:07.253Z,2026-07-22T08:45:07.253Z
bo_no2avg,keyword,astrologywiki,"[{""mode"":""keyword"",""input"":""astrologywiki"",""language"":""en"",""region"":""us"",""provider"":""searxng""}]",https://tonylouis.wordpress.com/2022/10/14/the-primum-mobile-in-astrology,tonylouis.wordpress.com,The Primum Mobile in Astrology | Anthony Louis &#8211; Astrology & Tarot Blog,"The Primum Mobile in Astrology | Anthony Louis &#8211; Astrology & Tarot Blog Anthony Louis &#8211; Astrology & Tarot Blog Musings on astrology and tarot by author Anthony Louis Skip to content Home About Favorite Links Learning Spanish Lot of Fortune: to reverse or not to reverse? Morinus discusses the 1646 Aries Ingress as a Year of Mars &larr; Temporal &#8220;Aspects&#8221; in Ancient Astrology Storks, Symmetry and the Concept of Argala in Jaimini Astrology &rarr; The Primum Mobile in Astrolo",,,,unknown,15,,unknown,,blog_comment,unknown,passed,,,qualified,pending,normal,checked,,2026-07-22T08:45:07.253Z,2026-07-22T08:45:07.253Z
bo_4pc66n,keyword,astrologywiki,"[{""mode"":""keyword"",""input"":""astrologywiki"",""language"":""en"",""region"":""us"",""provider"":""searxng""}]",https://astrologyandart.wordpress.com/2013/12/09/zodiac-signs-constellations-in-jacob-de-gheyn-engravings,astrologyandart.wordpress.com,Zodiac Signs Constellations in Jacob de Gheyn engravings | Astrology and Art,"Zodiac Signs Constellations in Jacob de Gheyn engravings | Astrology and Art About Sources and Resources Astrology and Art Search: Zodiac Signs Constellations in Jacob de Gheyn engravings 09 Monday Dec 2013 Posted by Danielle in Art , Engravings &asymp; Leave a comment Tags constellations , engraving , Jacob de Gheyn , plates , zodiac signs Arataea, sive Signa Coelestia: in quibus Astronomicae Speculationes Veterum ad Archetypa Vetustissimi Aratæorum Caesaris Germanici&#8230; Amsterdam, Jan Jans",,,,unknown,18,,unknown,,blog_comment,unknown,passed,,,qualified,pending,normal,checked,,2026-07-22T08:45:07.253Z,2026-07-22T08:45:07.253Z
bo_1fpxafd,keyword,astrologywiki,"[{""mode"":""keyword"",""input"":""astrologywiki"",""language"":""en"",""region"":""us"",""provider"":""searxng""}]",https://moontowermeta.com/moontower-320,moontowermeta.com,Moontower #320 - Party at the Moontower,Moontower #320 - Party at the Moontower Skip to content Party at the Moontower Twitter Menu Home My Writing The Money Angle Money Math Newsletter Thoughts Gaming Education Productivity Investing Wikis The Moontower Money Wiki The Moontower Quant Codex Notes Books Essays Podcasts Curated Sources Twitter Lists Podcasts My all-time favorite podcasts Recommended Reading Blogs and Online Writers Book Recs and Tools The Investing Pro’s Library so you&#8217;re interested in trading Digital Learning Pro,,,,unknown,14,,unknown,,blog_comment,unknown,passed,,,qualified,pending,normal,checked,,2026-07-22T08:45:07.253Z,2026-07-22T08:45:07.253Z
bo_161fmgm,keyword,astrologywiki,"[{""mode"":""keyword"",""input"":""astrologywiki"",""language"":""en"",""region"":""us"",""provider"":""searxng""}]",https://jabde.com/2026/07/16/a-tier-athletes-olympic-gold-may-be-a-name-away,jabde.com,A-Tier Athletes: Olympic Gold May be a Name Away - Journal of Astrological Big Data Ecology,"A-Tier Athletes: Olympic Gold May be a Name Away - Journal of Astrological Big Data Ecology Skip to content Journal of Astrological Big Data Ecology Premium source for made up science Menu + &times; expanded collapsed Home Articles Journal of Immaterial Science Books News Clickbait Quizzes Shop Contact About &#8211; JABDE About – J. Immat. Sci. Cart + × expanded collapsed &#036; 0.00 0 items Facebook Twitter A-Tier Athletes: Olympic Gold May be a Name Away Posted by B McGraw July 16, 2026 July 1",,,,unknown,14,,unknown,,blog_comment,unknown,passed,,,qualified,pending,normal,checked,,2026-07-22T08:45:07.253Z,2026-07-22T08:45:07.253Z
bo_y4c87h,keyword,astrologywiki,"[{""mode"":""keyword"",""input"":""astrologywiki"",""language"":""en"",""region"":""us"",""provider"":""searxng""}]",https://patchstorage.com/astrology22-for-lumatone,patchstorage.com,Astrology[22] for Lumatone | Patchstorage,Astrology[22] for Lumatone | Patchstorage Platform Upload Upload a Patch Ask a Question Sign In &times; Sign In Sign in with Google Or using credentials Remember Me Register | Lost Password × &times; Where to? Explore Upload a Patch Ask a Question Platform Requests Discussions &#038; Support Sign In Sign Up © patchstorage™ privacy policy | contact us | api discord | github issues Other Platforms Astrology[22] for Lumatone astrology lumatone microtonal xenharmonic This is a condensed layout for A,,,,unknown,7,,unknown,,blog_comment,unknown,passed,,,qualified,pending,normal,checked,,2026-07-22T08:45:07.253Z,2026-07-22T08:45:07.253Z
bo_1sg8v90,keyword,astrologywiki,"[{""mode"":""keyword"",""input"":""astrologywiki"",""language"":""en"",""region"":""us"",""provider"":""searxng""}]",https://www.melpriestley.ca/the-astrology-of-iran-and-the-death-of-ayatollah-khamenei,melpriestley.ca,The Astrology of Iran and the Death of Ayatollah Khamenei &#8211; EarthShine Astrology,"The Astrology of Iran and the Death of Ayatollah Khamenei &#8211; EarthShine Astrology EarthShine Astrology practical insight from the heavenly spheres Search Home About Writing Portfolio Media Appearances Book an Astrology Consultation Webinars for Sale View my cart Read the Blog Astrology Fundamentals Canadian Astrology Eclipses Horoscopes Mundane Astrology Planetary Meanings All , Astrology , Eclipses , Mundane Astrology The Astrology of Iran and the Death of Ayatollah Khamenei February 28, 2",,,,unknown,7,,unknown,,blog_comment,unknown,passed,,,qualified,pending,normal,checked,,2026-07-22T08:45:07.253Z,2026-07-22T08:45:07.253Z
bo_utn03p,keyword,astrologywiki,"[{""mode"":""keyword"",""input"":""astrologywiki"",""language"":""en"",""region"":""us"",""provider"":""searxng""}]",https://www.bryndonovan.com/2015/07/21/zodiac-traits-write-an-aries-character,bryndonovan.com,Zodiac Traits &#8211; Write an Aries Character!,"Zodiac Traits &#8211; Write an Aries Character! Skip to content BRYN DONOVAN TELL YOUR STORIES, LOVE YOUR LIFE  Search Toggle menu visibility. My Books About Me My Events Blog Posts Writing Matters Semi-Charmed Life Reading &#038; Research Zodiac Traits &#8211; Write an Aries Character! Posted on July 21, 2015 by Bryn Donovan Whether you believe in astrology or not, the personality types of zodiac signs have resonated with people for centuries, and that makes them interesting and useful for a wr",,,,unknown,44,,unknown,,blog_comment,unknown,passed,,,qualified,pending,normal,checked,,2026-07-22T08:45:07.253Z,2026-07-22T08:45:07.253Z
bo_1b8fvhz,competitor_search,astro.com,"[{""mode"":""competitor_search"",""input"":""astro.com"",""language"":"""",""region"":"""",""provider"":""searxng""}]",https://www.reddit.com/r/astrology/comments/l9r8nk/is_astrocom_the_most_reliable_chart_rendering_site,reddit.com,Reddit - Please wait for verification,Reddit - Please wait for verification,astro.com,,,unknown,0,,unknown,,blog_comment,unknown,passed,,,review,pending,review,target_not_found,competitor_link_not_found,2026-07-22T08:46:53.569Z,2026-07-22T08:46:53.569Z
bo_1nr39ht,competitor_search,astro.com,"[{""mode"":""competitor_search"",""input"":""astro.com"",""language"":"""",""region"":"""",""provider"":""searxng""}]",https://www.instagram.com/reel/DAaqG3iMqvw,instagram.com,Instagram,Instagram Instagram Log In Sign Up Meta About Blog Jobs Help API Privacy Terms Locations Popular Instagram Lite Meta AI Threads Contact Uploading & Non-Users Meta Verified English Down chevron icon Afrikaans العربية Čeština Dansk Deutsch Ελληνικά English English (UK) Español (España) Español فارسی Suomi Français עברית Bahasa Indonesia Italiano 日本語 한국어 Bahasa Melayu Norsk Nederlands Polski Português (Brasil) Português (Portugal) Русский Svenska ภาษาไทย Filipino Türkçe 中文(简体) 中文(台灣) বাংলা ગુજરાતી ,astro.com,,,unknown,9,,unknown,,other,unknown,passed,,,review,pending,review,target_not_found,competitor_link_not_found,2026-07-22T08:46:53.569Z,2026-07-22T08:46:53.569Z
bo_r1aiep,competitor_search,astro.com,"[{""mode"":""competitor_search"",""input"":""astro.com"",""language"":"""",""region"":"""",""provider"":""searxng""}]",https://free-astro.com/en,free-astro.com,"Free Birth Chart with Interpretation 2026 | Natal Chart, Rising Sign, Moon Sign & Horoscope — Free Astro","Free Birth Chart with Interpretation 2026 | Natal Chart, Rising Sign, Moon Sign & Horoscope — Free Astro",astro.com,,,unknown,0,,unknown,,other,unknown,passed,,,review,pending,review,target_not_found,competitor_link_not_found,2026-07-22T08:46:53.569Z,2026-07-22T08:46:53.569Z
bo_80dwhg,competitor_search,astro.com,"[{""mode"":""competitor_search"",""input"":""astro.com"",""language"":"""",""region"":"""",""provider"":""searxng""}]",https://myastro.astro.com.my/,myastro.astro.com.my,My Astro,My Astro,astro.com,,,unknown,0,,unknown,,other,unknown,passed,,,review,pending,review,target_not_found,competitor_link_not_found,2026-07-22T08:46:53.569Z,2026-07-22T08:46:53.569Z
bo_36nm04,competitor_search,astro.com,"[{""mode"":""competitor_search"",""input"":""astro.com"",""language"":"""",""region"":"""",""provider"":""searxng""}]",https://www.quora.com/Is-the-site-astro-com-accurate-on-its-predictions,quora.com,Is the site astro.com accurate on its predictions? - Quora,"Jul 3, 2017 ... ... site astro.com accurate on its predictions? All related (36). Recommended. Profile photo for Assistant. Assistant. Bot. · 10mo.",astro.com,,,unknown,0,,unknown,,other,unknown,passed,,,review,pending,review,unavailable,HTTP 403,2026-07-22T08:46:53.569Z,2026-07-22T08:46:53.569Z
bo_1wsktox,competitor_search,astro.com,"[{""mode"":""competitor_search"",""input"":""astro.com"",""language"":"""",""region"":"""",""provider"":""searxng""}]",https://play.google.com/store/apps/details?id=com.astro.astroview,play.google.com,My Astro - Apps on Google Play,My Astro - Apps on Google Play Games Apps Movies & TV Books Kids google_logo Play Games Apps Movies & TV Books Kids none search help_outline Sign in with Google play_apps Library & devices payment Payments & subscriptions reviews My Play activity redeem Offers Play Pass Personalization in Play settings Settings Privacy Policy • Terms of Service Games Apps Movies & TV Books Kids My Astro Astro Malaysia Holdings Berhad 3.3 star 17.3K reviews Everyone info 1M+ Downloads Install Share Add to wishlis,astro.com,,,unknown,15,,unknown,,other,unknown,passed,,,review,pending,review,target_not_found,competitor_link_not_found,2026-07-22T08:46:53.569Z,2026-07-22T08:46:53.569Z
bo_1dee02j,competitor_search,astro.com,"[{""mode"":""competitor_search"",""input"":""astro.com"",""language"":"""",""region"":"""",""provider"":""searxng""}]",https://apps.apple.com/lu/app/my-astro/id698080879,apps.apple.com,‎My Astro App - App Store,"‎My Astro App - App Store for iPhone iPhone iPad Mac Watch TV Search Today Games Apps Arcade Platform iPhone iPad Mac Watch TV My Astro Your Best TV Companion App Free Share Age Rating 4+ Years Category Entertainment Developer MEASAT Broadcast Network Systems Sdn. Bhd. Language EN English Size 71.8 MB iPhone, iPad Whether you’re on a mission to pay bills, looking to redeem exclusive rewards, or needing support around the clock, My Astro App makes it all easier for all our customers. With My Astr",astro.com,,,unknown,9,,unknown,,other,unknown,passed,,,review,pending,review,target_not_found,competitor_link_not_found,2026-07-22T08:46:53.569Z,2026-07-22T08:46:53.569Z
bo_x2dly0,competitor_search,astro.com,"[{""mode"":""competitor_search"",""input"":""astro.com"",""language"":"""",""region"":"""",""provider"":""searxng""}]",https://debrasilvermanastrology.zendesk.com/hc/en-us/articles/7991012080915-Creating-an-Astro-com-Account-and-Generating-Your-Birth-Chart,debrasilvermanastrology.zendesk.com,Creating an Astro.com Account and Generating Your Birth Chart,"Nov 26, 2025 ... 1. Create Your Astro.com Account · Go to www.astro.com. · Click User Profile in the top-right corner. · Select Create a free registered user ...",astro.com,,,unknown,0,,unknown,,other,unknown,passed,,,review,pending,review,unavailable,HTTP 403,2026-07-22T08:46:53.569Z,2026-07-22T08:46:53.569Z
bo_kx7w4,competitor_search,astro.com,"[{""mode"":""competitor_search"",""input"":""astro.com"",""language"":"""",""region"":"""",""provider"":""searxng""}]",https://www.trustpilot.com/review/astro.com,trustpilot.com,astro.com - Astrodienst Reviews - Trustpilot,40 people have already reviewed astro.com - Astrodienst. Read about their experiences and share your own!,astro.com,,,unknown,0,,unknown,,other,unknown,passed,,,review,pending,review,unavailable,HTTP 403,2026-07-22T08:46:53.569Z,2026-07-22T08:46:53.569Z
bo_dcx14g,competitor_search,astro.com,"[{""mode"":""competitor_search"",""input"":""astro.com"",""language"":"""",""region"":"""",""provider"":""searxng""}]",https://ctil.iift.ac.in/games-www-astro-com-birth-chart-login-page,ctil.iift.ac.in,Www Astro Com Birth Chart Login Page,Www Astro Com Birth Chart Login Page works only when the correct login flow is completed (credentials/OTP as required) and the site passes the version and ...,astro.com,,,unknown,0,,unknown,,other,unknown,passed,,,review,pending,review,unavailable,HTTP 404,2026-07-22T08:46:53.569Z,2026-07-22T08:46:53.569Z
bo_1ippn0k,competitor_search,astro.com,"[{""mode"":""competitor_search"",""input"":""astro.com"",""language"":"""",""region"":"""",""provider"":""searxng""}]",https://astrodir.com/item/astrodienst,astrodir.com,Astrodienst - Astro.com - AstroDir,"Astrodienst - Astro.com - AstroDir AstroDir Pulse Collection Topics Ranking Blog Search EN Toggle navigation menu AstroDir EN Home Categories Astrology Astrodienst - Astro.com Astrodienst - Astro.com Astrology Astrodienst - Astro.com. Astrodienst provides the world&#x27;s best astrology site for free horoscopes, professional astrological reports and information about astrology.。 with the best horoscope reports on the planet。 4.6 (199) Visit Share badge Preview Editor note Last checked May 18, 20",astro.com,https://www.astro.com/?amp%3Butm_campaign=navigation&amp%3Butm_medium=referral,Visit,unknown,6,,unknown,,other,unknown,passed,,,qualified,pending,normal,checked,competitor_link_verified,2026-07-22T08:46:53.569Z,2026-07-22T08:46:53.569Z
bo_nd3fvw,competitor_search,astro.com,"[{""mode"":""competitor_search"",""input"":""astro.com"",""language"":"""",""region"":"""",""provider"":""searxng""}]",https://www.youtube.com/watch?v=-aX-tEeg-CA,youtube.com,- YouTube,- YouTube About Press Copyright Contact us Creators Advertise Developers Terms Privacy Policy & Safety How YouTube works Test new features NFL Sunday Ticket &copy; 2026 Google LLC,astro.com,,,unknown,2,,unknown,,other,unknown,passed,,,review,pending,review,target_not_found,competitor_link_not_found,2026-07-22T08:46:53.569Z,2026-07-22T08:46:53.569Z
bo_1d208du,competitor_search,astro.com,"[{""mode"":""competitor_search"",""input"":""astro.com"",""language"":"""",""region"":"""",""provider"":""searxng""}]",https://www.youtube.com/watch?v=PkJgdrWNzf8,youtube.com,- YouTube,- YouTube About Press Copyright Contact us Creators Advertise Developers Terms Privacy Policy & Safety How YouTube works Test new features NFL Sunday Ticket &copy; 2026 Google LLC,astro.com,,,unknown,2,,unknown,,resource_page,unknown,passed,,,review,pending,review,target_not_found,competitor_link_not_found,2026-07-22T08:46:53.569Z,2026-07-22T08:46:53.569Z
bo_1eaepr2,competitor_search,astro.com,"[{""mode"":""competitor_search"",""input"":""astro.com"",""language"":"""",""region"":"""",""provider"":""searxng""}]",https://www.similarweb.com/website/astro.com/competitors,similarweb.com,astro.com Competitors - Top Sites Like astro.com - Similarweb,,astro.com,,,unknown,0,,unknown,,other,unknown,passed,,,review,pending,review,target_not_found,competitor_link_not_found,2026-07-22T08:46:53.569Z,2026-07-22T08:46:53.569Z
bo_1ogr22r,competitor_search,astro.com,"[{""mode"":""competitor_search"",""input"":""astro.com"",""language"":"""",""region"":"""",""provider"":""searxng""}]",https://pegasusastro.com/,pegasusastro.com,Pegasus Astro &#8211; Equipment for Astronomy and Astrophotography,"Pegasus Astro &#8211; Equipment for Astronomy and Astrophotography Skip to content Search for: Menu HOME PRODUCTS Harmonic Mounts Power, Data Distribution Focus Motors Field Rotators Off Axis Guiders Indigo Filter Wheel Flat Panels SmartEye Dew Heater Controllers Cables Mounting Accessories Adapters Uranus Meteo Sensor Filters (Imaging) ABOUT US The Company The Myth behind the Name WHERE TO BUY TROUBLESHOOTING SUPPORT CONTACT US Returns and Service Policy DOWNLOAD Product List Search for: Pegasu",astro.com,,,unknown,3,,unknown,,other,unknown,passed,,,review,pending,review,target_not_found,competitor_link_not_found,2026-07-22T08:46:53.569Z,2026-07-22T08:46:53.569Z
bo_1hodpn3,competitor_search,astro.com,"[{""mode"":""competitor_search"",""input"":""astro.com"",""language"":"""",""region"":"""",""provider"":""searxng""}]",https://www.rc-astro.com/pixinsight-rc-astro-suite-beta-release,rc-astro.com,PixInsight RC Astro Suite Beta Release &#8211; RC Astro,PixInsight RC Astro Suite Beta Release &#8211; RC Astro Skip to content No results Stand-Alone RC-Astro Tools Software BlurXTerminator NoiseXTerminator StarXTerminator GradientXTerminator StarShrink MTF Analyzer Free! Info News &#038; Articles PixInsight Installation BlurXTerminator Technical Manual StarXTerminator Usage Notes GradientXTerminator Tutorials &#038; Manual StarShrink Tutorial GPU acceleration for ML-powered tools Frequently Asked Questions About Account Licenses Orders Account deta,astro.com,,,unknown,4,,unknown,,other,unknown,passed,,,review,pending,review,target_not_found,competitor_link_not_found,2026-07-22T08:46:53.569Z,2026-07-22T08:46:53.569Z
bo_v3zbtr,competitor_search,astro.com,"[{""mode"":""competitor_search"",""input"":""astro.com"",""language"":"""",""region"":"""",""provider"":""searxng""}]",https://www.allaboutastro.com/how-to-learn-astrophotography.html,allaboutastro.com,How to Learn Astrophotography - All About Astro.com,All About Astro.com · Home · Blog · Astro Gallery · Astro Gear · Learning · About Me · Jay's Slide Rules. How to Learn Astrophotography. FOREWORD You will not ...,astro.com,,,unknown,0,,unknown,,other,unknown,passed,,,review,pending,review,unavailable,HTTP 404,2026-07-22T08:46:53.569Z,2026-07-22T08:46:53.569Z
bo_1pqzxh9,competitor_search,astro.com,"[{""mode"":""competitor_search"",""input"":""astro.com"",""language"":"""",""region"":"""",""provider"":""searxng""}]",https://kosherastro.com/,kosherastro.com,Kosher Astro,Kosher Astro Home - Kosher Astro Home About the Author Kosher Astrology Book Overview Part 1: Astrology is Kosher Part 2: The Practice of Kosher Astrology Part 3: Astrology in the Torah Table of Contents Haskama/Approbation Roadmaps Roadmap #1 Roadmap #2 Chart Reading Chart Reading Item --> Session Overview Your Birth Chart You Will Learn About Your Session Includes Information I Need Please Note 0 Cart OK Welcome to Kosher Astro! Here you will find everything you might need to understand astrol,astro.com,,,unknown,5,,unknown,,other,unknown,passed,,,review,pending,review,target_not_found,competitor_link_not_found,2026-07-22T08:46:53.569Z,2026-07-22T08:46:53.569Z
bo_1lad2op,competitor_search,astro.com,"[{""mode"":""competitor_search"",""input"":""astro.com"",""language"":"""",""region"":"""",""provider"":""searxng""}]",https://www.call-astro.com/,call-astro.com,Call Astro - Best Astrology Website for Online Predictions,Call Astro - Best Astrology Website for Online Predictions Call Astro - Best Astrology Website for Online Predictions Login Home Astrology Services Numerology Report Free Kundli Horoscope Planet Transit Matchmaking Shubh Muhurat Book Pooja Collaboration Shop Pooja Jaap Software Gold Blog Chat with Astrologer --> Talk to Astrologer--> --> Login to Account Home Astrology Services Numerology Report Free Kundli Horoscope Planet Transit Matchmaking Shubh Muhurat Book Pooja Collaboration Shop Pooja Ja,astro.com,,,unknown,8,,unknown,,other,unknown,passed,,,review,pending,review,target_not_found,competitor_link_not_found,2026-07-22T08:46:53.569Z,2026-07-22T08:46:53.569Z
bo_13z35rg,competitor_search,astro.com,"[{""mode"":""competitor_search"",""input"":""astro.com"",""language"":"""",""region"":"""",""provider"":""searxng""}]",https://www.instagram.com/reel/DOV-GZ4jkbT,instagram.com,Instagram,Instagram Instagram Log In Sign Up Meta About Blog Jobs Help API Privacy Terms Locations Popular Instagram Lite Meta AI Threads Contact Uploading & Non-Users Meta Verified English Down chevron icon Afrikaans العربية Čeština Dansk Deutsch Ελληνικά English English (UK) Español (España) Español فارسی Suomi Français עברית Bahasa Indonesia Italiano 日本語 한국어 Bahasa Melayu Norsk Nederlands Polski Português (Brasil) Português (Portugal) Русский Svenska ภาษาไทย Filipino Türkçe 中文(简体) 中文(台灣) বাংলা ગુજરાતી ,astro.com,,,unknown,9,,unknown,,other,unknown,passed,,,review,pending,review,target_not_found,competitor_link_not_found,2026-07-22T08:46:53.569Z,2026-07-22T08:46:53.569Z
bo_7r0l4k,competitor_search,astro.com,"[{""mode"":""competitor_search"",""input"":""astro.com"",""language"":"""",""region"":"""",""provider"":""searxng""}]",https://patriotastro.com/,patriotastro.com,Patriot Astrophotography &#8211; Always Looking Up,Patriot Astrophotography &#8211; Always Looking Up Skip to content Patriot Astrophotography Always Looking Up Menu Home Supporting Patriot Astro About Affiliate Links (READ) Amazon Affiliate Link My Amazon Storefront Agena Astro Affiliate Link HighPointScientific Affiliate Link NINA Patriot Astro’s NINA Helper My Imaging My Latest Images Image Archive Galaxies Nebulas The Sun Planets Mars Saturn Jupiter Great Conjunction of 2020 The Moon Stars Milky Way Archive All Sky Asteroids Everything Else ,astro.com,,,unknown,13,,unknown,,other,unknown,passed,,,review,pending,review,target_not_found,competitor_link_not_found,2026-07-22T08:46:53.569Z,2026-07-22T08:46:53.569Z
bo_17yg83n,competitor_search,astro.com,"[{""mode"":""competitor_search"",""input"":""astro.com"",""language"":"""",""region"":"""",""provider"":""searxng""}]",https://www.youtube.com/watch?v=VX7zy9DUz9A,youtube.com,- YouTube,- YouTube About Press Copyright Contact us Creators Advertise Developers Terms Privacy Policy & Safety How YouTube works Test new features NFL Sunday Ticket &copy; 2026 Google LLC,astro.com,,,unknown,2,,unknown,,other,unknown,passed,,,review,pending,review,target_not_found,competitor_link_not_found,2026-07-22T08:46:53.569Z,2026-07-22T08:46:53.569Z
bo_q0tsyn,competitor_search,astro.com,"[{""mode"":""competitor_search"",""input"":""astro.com"",""language"":"""",""region"":"""",""provider"":""searxng""}]",https://www.astro.com/atlas,astro.com,Astrology Atlas Query - Astrodienst,My Astro Hello [not logged in] User Profile Disable dark mode Login Home EN Language: Deutsch Dansk English Español Français Italiano Nederlands Português Türkçe Русский 中文 日本語 Shopping Cart My Astro Hello [not logged in] User Profile Disable dark mode Login star1 star2 Horoscopes Horoscopes Free Horoscopes Horoscopes by Topics All Horoscopes at a Glance Today and Tomorrow Personal Daily Horoscope PREMIUM Daily Horoscope Daily Love Horoscope Daily Celestial Events Weekly Horoscope Yearly Horosco,astro.com,https://www.astro.com/atlas/horoskop,Deutsch,unknown,3,,unknown,,resource_page,unknown,passed,,,qualified,pending,normal,checked,competitor_link_verified,2026-07-22T08:46:53.569Z,2026-07-22T08:46:53.569Z
bo_1eej9dm,competitor_search,astro.com,"[{""mode"":""competitor_search"",""input"":""astro.com"",""language"":"""",""region"":"""",""provider"":""searxng""}]",https://www.astro.com/cgi/atxgen.cgi?btyp=atx,astro.com,Forecast,Forecast My Astro Hello [not logged in] User Profile Disable dark mode Login Home EN Language: Deutsch Dansk English Español Français Italiano Nederlands Português Türkçe Русский 中文 日本語 Shopping Cart My Astro Hello [not logged in] User Profile Disable dark mode Login star1 star2 Horoscopes Horoscopes Free Horoscopes Horoscopes by Topics All Horoscopes at a Glance Today and Tomorrow Personal Daily Horoscope PREMIUM Daily Horoscope Daily Love Horoscope Daily Celestial Events Weekly Horoscope Yearl,astro.com,https://www.astro.com/cgi/atxgen.cgi?btyp=atx&lang=g,Deutsch,unknown,0,,unknown,,resource_page,unknown,passed,,,qualified,pending,normal,checked,competitor_link_verified,2026-07-22T08:46:53.569Z,2026-07-22T08:46:53.569Z
bo_1m1izv3,competitor_search,astro.com,"[{""mode"":""competitor_search"",""input"":""astro.com"",""language"":"""",""region"":"""",""provider"":""searxng""}]",https://www.astro.com/cgi/atxgen.cgi?btyp=xpht,astro.com,Psychological Horoscope,Psychological Horoscope My Astro Hello [not logged in] User Profile Disable dark mode Login Home EN Language: Deutsch Dansk English Español Français Italiano Nederlands Português Türkçe Русский 中文 日本語 Shopping Cart My Astro Hello [not logged in] User Profile Disable dark mode Login star1 star2 Horoscopes Horoscopes Free Horoscopes Horoscopes by Topics All Horoscopes at a Glance Today and Tomorrow Personal Daily Horoscope PREMIUM Daily Horoscope Daily Love Horoscope Daily Celestial Events Weekly ,astro.com,https://www.astro.com/cgi/atxgen.cgi?btyp=xpht&lang=g,Deutsch,unknown,0,,unknown,,resource_page,unknown,passed,,,qualified,pending,normal,checked,competitor_link_verified,2026-07-22T08:46:53.569Z,2026-07-22T08:46:53.569Z
bo_b3ybsl,competitor_search,astro.com,"[{""mode"":""competitor_search"",""input"":""astro.com"",""language"":"""",""region"":"""",""provider"":""searxng""}]",https://allaboutastro.com/learning.html,allaboutastro.com,Redirecting to: /learning/,Redirecting to: /learning/ Redirecting from /learning.html/ to /learning/,astro.com,,,unknown,0,,unknown,,resource_page,unknown,passed,,,review,pending,review,target_not_found,competitor_link_not_found,2026-07-22T08:46:53.569Z,2026-07-22T08:46:53.569Z
bo_1q3jg12,competitor_search,astro.com,"[{""mode"":""competitor_search"",""input"":""astro.com"",""language"":"""",""region"":"""",""provider"":""searxng""}]",https://www.reddit.com/r/beginnerastrology/comments/gdc2ht/how_to_register_and_create_your_chart_at_astrocom,reddit.com,Reddit - Please wait for verification,Reddit - Please wait for verification,astro.com,,,unknown,0,,unknown,,resource_page,unknown,passed,,,review,pending,review,target_not_found,competitor_link_not_found,2026-07-22T08:46:53.569Z,2026-07-22T08:46:53.569Z
bo_qu9h7v,competitor_search,astro.com,"[{""mode"":""competitor_search"",""input"":""astro.com"",""language"":"""",""region"":"""",""provider"":""searxng""}]",https://www.astro.com/free/free_personal_e.htm,astro.com,Free Personality Horoscopes,Free Personality Horoscopes My Astro Hello [not logged in] User Profile Disable dark mode Login Home EN Language: Deutsch Dansk English Español Français Italiano Nederlands Português Türkçe Русский 中文 日本語 Shopping Cart My Astro Hello [not logged in] User Profile Disable dark mode Login star1 star2 Horoscopes Horoscopes Free Horoscopes Horoscopes by Topics All Horoscopes at a Glance Today and Tomorrow Personal Daily Horoscope PREMIUM Daily Horoscope Daily Love Horoscope Daily Celestial Events Wee,astro.com,https://www.astro.com/free/free_personal_e.htm?lang=g,Deutsch,unknown,2,,unknown,,resource_page,unknown,passed,,,qualified,pending,normal,checked,competitor_link_verified,2026-07-22T08:46:53.569Z,2026-07-22T08:46:53.569Z
bo_19nbdyo,competitor_search,astro.com,"[{""mode"":""competitor_search"",""input"":""astro.com"",""language"":"""",""region"":"""",""provider"":""searxng""}]",https://www.astro.com/cgi/prep.cgi/astrology/in_info_e.htm,astro.com,One moment...,"One moment... Checking your browser... Go back Main Page If you wish to report an error, please e-mail to: webmaster@astro.com",astro.com,https://www.astro.com/,Main Page,unknown,0,,unknown,,resource_page,unknown,passed,,,qualified,pending,normal,checked,competitor_link_verified,2026-07-22T08:46:53.569Z,2026-07-22T08:46:53.569Z
bo_319eoo,competitor_search,astro.com,"[{""mode"":""competitor_search"",""input"":""astro.com"",""language"":"""",""region"":"""",""provider"":""searxng""}]",https://www.astro.com/feed/feed_e.htm,astro.com,Astrodienst Feed,Astrodienst Feed My Astro Hello [not logged in] User Profile Disable dark mode Login Home EN Language: Deutsch Dansk English Español Français Italiano Nederlands Português Türkçe Русский 中文 日本語 Shopping Cart My Astro Hello [not logged in] User Profile Disable dark mode Login star1 star2 Horoscopes Horoscopes Free Horoscopes Horoscopes by Topics All Horoscopes at a Glance Today and Tomorrow Personal Daily Horoscope PREMIUM Daily Horoscope Daily Love Horoscope Daily Celestial Events Weekly Horosco,astro.com,https://www.astro.com/feed/feed_e.htm?lang=g,Deutsch,unknown,2,,unknown,,resource_page,unknown,passed,,,qualified,pending,normal,checked,competitor_link_verified,2026-07-22T08:46:53.569Z,2026-07-22T08:46:53.569Z
bo_qt72v7,competitor_search,astro.com,"[{""mode"":""competitor_search"",""input"":""astro.com"",""language"":"""",""region"":"""",""provider"":""searxng""}]",https://www.reddit.com/r/astrologyreadings/comments/1qn7gh3/astrocom_anything_interesting,reddit.com,Reddit - Please wait for verification,Reddit - Please wait for verification,astro.com,,,unknown,0,,unknown,,resource_page,unknown,passed,,,review,pending,review,target_not_found,competitor_link_not_found,2026-07-22T08:46:53.569Z,2026-07-22T08:46:53.569Z
bo_ms6oq9,competitor_search,astro.com,"[{""mode"":""competitor_search"",""input"":""astro.com"",""language"":"""",""region"":"""",""provider"":""searxng""}]",https://www.astro.com/cgi/prep.cgi/astrologia/in_dg_node_e.htm,astro.com,One moment...,"One moment... Checking your browser... Go back Main Page If you wish to report an error, please e-mail to: webmaster@astro.com",astro.com,https://www.astro.com/,Main Page,unknown,0,,unknown,,resource_page,unknown,passed,,,qualified,pending,normal,checked,competitor_link_verified,2026-07-22T08:46:53.569Z,2026-07-22T08:46:53.569Z
bo_wgjbmq,competitor_search,astro.com,"[{""mode"":""competitor_search"",""input"":""astro.com"",""language"":"""",""region"":"""",""provider"":""searxng""}]",https://www.astro.com/cgi/prep.cgi/astrology/in_jonespatterns_e.htm,astro.com,One moment...,"One moment... Checking your browser... Go back Main Page If you wish to report an error, please e-mail to: webmaster@astro.com",astro.com,https://www.astro.com/,Main Page,unknown,0,,unknown,,resource_page,unknown,passed,,,qualified,pending,normal,checked,competitor_link_verified,2026-07-22T08:46:53.569Z,2026-07-22T08:46:53.569Z
bo_1jniyrp,competitor_search,astro.com,"[{""mode"":""competitor_search"",""input"":""astro.com"",""language"":"""",""region"":"""",""provider"":""searxng""}]",https://www.astro.com/news/index.htm,astro.com,Astrodienst Newsletter,Astrodienst Newsletter My Astro Hello [not logged in] User Profile Disable dark mode Login Home EN Language: Deutsch Dansk English Español Français Italiano Nederlands Português Türkçe Русский 中文 日本語 Shopping Cart My Astro Hello [not logged in] User Profile Disable dark mode Login star1 star2 Horoscopes Horoscopes Free Horoscopes Horoscopes by Topics All Horoscopes at a Glance Today and Tomorrow Personal Daily Horoscope PREMIUM Daily Horoscope Daily Love Horoscope Daily Celestial Events Weekly H,astro.com,https://www.astro.com/news/nl_news_e.htm?lang=g,Deutsch,unknown,2,,unknown,,resource_page,unknown,passed,,,qualified,pending,normal,checked,competitor_link_verified,2026-07-22T08:46:53.569Z,2026-07-22T08:46:53.569Z
bo_1jt1e2l,competitor_search,astro.com,"[{""mode"":""competitor_search"",""input"":""astro.com"",""language"":"""",""region"":"""",""provider"":""searxng""}]",https://www.astro.com/cgi/prep.cgi/astrologia/in_dgsecdhouse_e.htm,astro.com,One moment...,"One moment... Checking your browser... Go back Main Page If you wish to report an error, please e-mail to: webmaster@astro.com",astro.com,https://www.astro.com/,Main Page,unknown,0,,unknown,,resource_page,unknown,passed,,,qualified,pending,normal,checked,competitor_link_verified,2026-07-22T08:46:53.569Z,2026-07-22T08:46:53.569Z
bo_1839at9,competitor_search,astro.com,"[{""mode"":""competitor_search"",""input"":""astro.com"",""language"":"""",""region"":"""",""provider"":""searxng""}]",https://www.facebook.com/groups/fairywitchcottagecorevibes/posts/1031747441882340,facebook.com,"Fairy Witch Cottagecore Vibes | Hi lovies. Could someone help explain my birth chart, please","Fairy Witch Cottagecore Vibes | Hi lovies. Could someone help explain my birth chart, please",astro.com,,,unknown,0,,unknown,,other,unknown,passed,,,review,pending,review,target_not_found,competitor_link_not_found,2026-07-22T08:46:53.569Z,2026-07-22T08:46:53.569Z
bo_ppb3u7,competitor_search,astro.com,"[{""mode"":""competitor_search"",""input"":""astro.com"",""language"":"""",""region"":"""",""provider"":""searxng""}]",https://allaboutastro.com/,allaboutastro.com,Home | All About Astro,Home | All About Astro All About Astro.com Home Blog Astro Gallery Astro Gear Software Bisque Mounts Learning How to Learn Astrophotography A Telescope Buyer's Guide Space is a Landscape Developing a Plan for Our Images Best Data Acquisition Practices The Task of Image Processing Where to Setup Your Telescope Do Dark Skies Really Matter? Astronomy and the Weather Globular Clusters: The Cosmic Rebels Building Your Own Roll-off Roof Observatory (Parts 1 and 2) Choosing a 35mm Film Camera The April,astro.com,,,unknown,0,,unknown,,resource_page,unknown,passed,,,review,pending,review,target_not_found,competitor_link_not_found,2026-07-22T08:46:53.569Z,2026-07-22T08:46:53.569Z
bo_1o68ygj,competitor_search,astro.com,"[{""mode"":""competitor_search"",""input"":""astro.com"",""language"":"""",""region"":"""",""provider"":""searxng""}]",https://www.instagram.com/reel/DOV-GZ4jkbT?hl=en,instagram.com,Instagram,Instagram Instagram Log In Sign Up Meta About Blog Jobs Help API Privacy Terms Locations Popular Instagram Lite Meta AI Threads Contact Uploading & Non-Users Meta Verified English Down chevron icon Afrikaans العربية Čeština Dansk Deutsch Ελληνικά English English (UK) Español (España) Español فارسی Suomi Français עברית Bahasa Indonesia Italiano 日本語 한국어 Bahasa Melayu Norsk Nederlands Polski Português (Brasil) Português (Portugal) Русский Svenska ภาษาไทย Filipino Türkçe 中文(简体) 中文(台灣) বাংলা ગુજરાતી ,astro.com,,,unknown,9,,unknown,,resource_page,unknown,passed,,,review,pending,review,target_not_found,competitor_link_not_found,2026-07-22T08:46:53.569Z,2026-07-22T08:46:53.569Z
bo_fzgxha,competitor_search,astro.com,"[{""mode"":""competitor_search"",""input"":""astro.com"",""language"":"""",""region"":"""",""provider"":""searxng""}]",https://www.astro.com/nat/natus2_e.htm,astro.com,The national chart of the United States,The national chart of the United States My Astro Hello [not logged in] User Profile Disable dark mode Login Home EN Language: Deutsch Dansk English Español Français Italiano Nederlands Português Türkçe Русский 中文 日本語 Shopping Cart My Astro Hello [not logged in] User Profile Disable dark mode Login star1 star2 Horoscopes Horoscopes Free Horoscopes Horoscopes by Topics All Horoscopes at a Glance Today and Tomorrow Personal Daily Horoscope PREMIUM Daily Horoscope Daily Love Horoscope Daily Celestia,astro.com,https://www.astro.com/nat/natus2_e.htm?lang=g,Deutsch,unknown,2,,unknown,,resource_page,unknown,passed,,,qualified,pending,normal,checked,competitor_link_verified,2026-07-22T08:46:53.569Z,2026-07-22T08:46:53.569Z
bo_1tk9oqg,competitor_search,astro.com,"[{""mode"":""competitor_search"",""input"":""astro.com"",""language"":"""",""region"":"""",""provider"":""searxng""}]",https://jobcannon.io/blog/free-natal-chart-resources,jobcannon.io,Free Natal Chart Resources: Calculate Your Chart Online · JobCannon,"Free Natal Chart Resources: Calculate Your Chart Online · JobCannon Skip to main content Home › Blog › Free Natal Chart Resources: Calculate Your Chart Online Guides natal-chart aura-color Free Natal Chart Resources: Calculate Your Chart Online PK Peter Kolomiets | April 4, 2026 | Updated Apr 13, 2026 | 6 min 🎯 Get your Natal Chart 3 min · enter your birth date, time & place Start What you&#x27;ll learn 6 min Explore reliable free tools for generating your natal chart. Compare popular platforms",astro.com,,,unknown,0,,unknown,,resource_page,unknown,passed,,,review,pending,review,target_not_found,competitor_link_not_found,2026-07-22T08:46:53.569Z,2026-07-22T08:46:53.569Z
bo_m97avq,competitor_search,astro.com,"[{""mode"":""competitor_search"",""input"":""astro.com"",""language"":"""",""region"":"""",""provider"":""searxng""}]",https://www.astro.com/cgi/prep.cgi/faq/fq_fh_twins_e.htm,astro.com,One moment...,"One moment... Checking your browser... Go back Main Page If you wish to report an error, please e-mail to: webmaster@astro.com",astro.com,https://www.astro.com/,Main Page,unknown,0,,unknown,,resource_page,unknown,passed,,,qualified,pending,normal,checked,competitor_link_verified,2026-07-22T08:46:53.569Z,2026-07-22T08:46:53.569Z
bo_10vp2qi,competitor_search,astro.com,"[{""mode"":""competitor_search"",""input"":""astro.com"",""language"":"""",""region"":"""",""provider"":""searxng""}]",https://www.astro.com/cgi/prep.cgi/forarch/pdf/1611955530.pdf,astro.com,One moment...,"One moment... Checking your browser... Go back Main Page If you wish to report an error, please e-mail to: webmaster@astro.com",astro.com,https://www.astro.com/,Main Page,unknown,0,,unknown,,other,unknown,passed,,,qualified,pending,normal,checked,competitor_link_verified,2026-07-22T08:46:53.569Z,2026-07-22T08:46:53.569Z
bo_1tluuz2,competitor_search,astro.com,"[{""mode"":""competitor_search"",""input"":""astro.com"",""language"":"""",""region"":"""",""provider"":""searxng""}]",https://www.instagram.com/p/CRU5F2UsJL7,instagram.com,Instagram,Instagram Instagram Log In Sign Up Meta About Blog Jobs Help API Privacy Terms Locations Popular Instagram Lite Meta AI Threads Contact Uploading & Non-Users Meta Verified English Down chevron icon Afrikaans العربية Čeština Dansk Deutsch Ελληνικά English English (UK) Español (España) Español فارسی Suomi Français עברית Bahasa Indonesia Italiano 日本語 한국어 Bahasa Melayu Norsk Nederlands Polski Português (Brasil) Português (Portugal) Русский Svenska ภาษาไทย Filipino Türkçe 中文(简体) 中文(台灣) বাংলা ગુજરાતી ,astro.com,,,unknown,9,,unknown,,guest_post,unknown,passed,,,review,pending,review,target_not_found,competitor_link_not_found,2026-07-22T08:46:53.569Z,2026-07-22T08:46:53.569Z
bo_x6oej3,competitor_search,astro.com,"[{""mode"":""competitor_search"",""input"":""astro.com"",""language"":"""",""region"":"""",""provider"":""searxng""}]",https://www.calendar.com/blog/unlock-your-cosmic-flow-the-best-productivity-strategy-for-your-zodiac-sign,calendar.com,Unlock Your Cosmic Flow: The Best Productivity Strategy for Your Zodiac Sign - Calendar,"Unlock Your Cosmic Flow: The Best Productivity Strategy for Your Zodiac Sign - Calendar | Productivity Center Categories Business Tips Productivity Calendar Time Management Meetings Schedule Startup Freelancer Marketing Sales Contact Sales Sign in Get Started Home Productivity Center Unlock Your Cosmic Flow: The Best Productivity Strategy for Your Zodiac Sign Search Unlock Your Cosmic Flow: The Best Productivity Strategy for Your Zodiac Sign John Rampton Productivity Tuesday, March 10th, 2026 Ev",astro.com,http://astro.com/,Astro.com,unknown,29,,unknown,,guest_post,unknown,passed,,,qualified,pending,normal,checked,competitor_link_verified,2026-07-22T08:46:53.569Z,2026-07-22T08:46:53.569Z
bo_gwiq5u,competitor_search,astro.com,"[{""mode"":""competitor_search"",""input"":""astro.com"",""language"":"""",""region"":"""",""provider"":""searxng""}]",https://thetruthbeautycompany.com/blogs/the-journal/nourishing-your-moon-sign-the-path-to-your-authentic-self,thetruthbeautycompany.com,Nourishing Your Moon Sign: The Path to Your Authentic Self &ndash; The Truth Beauty Company,Nourishing Your Moon Sign: The Path to Your Authentic Self &ndash; The Truth Beauty Company FREE Canadian Shipping on Orders $150+ Log in or Create account Cart 0 Search FREE Canadian Shipping on Orders $150+ Menu Cart 0 Shop By + - New Arrivals + - Minimalist Makeup Menopause Skin Essentials The Best of Luxe Best Sellers Book Facial Services Gift Cards Skin Type + - Acne Sun Protection Dryness Redness Sensitive Skin Fine Line & Wrinkles Brands Skincare + - All Skincare Skincare + - Cleansers To,astro.com,http://www.astro.com/,www.astro.com,unknown,15,,unknown,,guest_post,unknown,passed,,,qualified,pending,normal,checked,competitor_link_verified,2026-07-22T08:46:53.569Z,2026-07-22T08:46:53.569Z
bo_1fyhibv,competitor_search,astro.com,"[{""mode"":""competitor_search"",""input"":""astro.com"",""language"":"""",""region"":"""",""provider"":""searxng""}]",https://www.heloastro.com/blog/what-is-astrological-materia,heloastro.com,What is Astrological/Talismanic Materia? &mdash; HéloAstro,"What is Astrological/Talismanic Materia? &mdash; HéloAstro Skip to Content Open Menu Close Menu Home Book a Reading Consultations Electional Astrology Emissary - Mentorship & Personal Advisor Materia Exclusive Content Courses, Lectures & Books Blog Testimonials About Contact Login Account 0 0 Home Book a Reading Consultations Electional Astrology Emissary - Mentorship & Personal Advisor Materia Exclusive Content Courses, Lectures & Books Blog Testimonials About Contact Login Account 0 0 Open Men",astro.com,,,unknown,11,,unknown,,other,unknown,passed,,,review,pending,review,target_not_found,competitor_link_not_found,2026-07-22T08:46:53.569Z,2026-07-22T08:46:53.569Z
bo_t4g4gr,competitor_search,astro.com,"[{""mode"":""competitor_search"",""input"":""astro.com"",""language"":"""",""region"":"""",""provider"":""searxng""}]",https://sallykirkman.com/mars-uranus-north-node-triple-conjunction,sallykirkman.com,"Mars, Uranus, North Node Triple Conjunction - Sally Kirkman","Mars, Uranus, North Node Triple Conjunction - Sally Kirkman Skip to content Home Inner Star Circle Astrology Readings Blog Shop Discover Monthly Horoscopes 2026 Horoscopes Ebook Astrology Talk Podcast Star Signs Birth Chart Calculator Free Newsletter About About Sally Star Sign Books Media/Press Contact Home Inner Star Circle Astrology Readings Blog Shop Discover Monthly Horoscopes 2026 Horoscopes Ebook Astrology Talk Podcast Star Signs Birth Chart Calculator Free Newsletter About About Sally St",astro.com,,,unknown,14,,unknown,,guest_post,unknown,passed,,,review,pending,review,target_not_found,competitor_link_not_found,2026-07-22T08:46:53.569Z,2026-07-22T08:46:53.569Z
bo_xtqxuj,competitor_search,astro.com,"[{""mode"":""competitor_search"",""input"":""astro.com"",""language"":"""",""region"":"""",""provider"":""searxng""}]",https://opaastrology.org/wp-content/uploads/2023/11/septequinox2018opa.pdf,opaastrology.org,The Career - OPA Astrology,"Guest post on other astrologers' blogs. If you always have something to ... www.astro.com/astro-databank/Main_Page. 2. Meet your Soul, by Nina Bentzon ...",astro.com,,,unknown,0,,unknown,,guest_post,unknown,passed,,,review,pending,review,unavailable,Unsupported content type: application/pdf,2026-07-22T08:46:53.569Z,2026-07-22T08:46:53.569Z
bo_rrsmks,competitor_search,astro.com,"[{""mode"":""competitor_search"",""input"":""astro.com"",""language"":"""",""region"":"""",""provider"":""searxng""}]",https://meandrichard.wordpress.com/2015/02/09/why-richard-armitage-is-francis-dolarhyde-and-you-should-love-him-anyway-part-3-guest-post-by-frauvonelmdings,meandrichard.wordpress.com,"Why Richard Armitage IS Francis Dolarhyde … and you should love him anyway, part 3 [guest post by @FrauVonElmDings] | Me + Richard Armitage","Why Richard Armitage IS Francis Dolarhyde … and you should love him anyway, part 3 [guest post by @FrauVonElmDings] | Me + Richard Armitage Me + Richard Armitage a frequently irreverent and occasionally cerebral feuilleton of richard armitage studies     Why Richard Armitage IS Francis Dolarhyde … and you should love him anyway, part 3 [guest post by @FrauVonElmDings] [Continued from here . Same comments policy in effect.] *** Part three: Why Richard Armitage IS Francis Dolarhyde Now we&#8217;re",astro.com,http://www.astro.com/,www.astro.com,unknown,74,,unknown,,guest_post,unknown,passed,,,qualified,pending,normal,checked,competitor_link_verified,2026-07-22T08:46:53.569Z,2026-07-22T08:46:53.569Z
bo_1g73pro,competitor_search,astro.com,"[{""mode"":""competitor_search"",""input"":""astro.com"",""language"":"""",""region"":"""",""provider"":""searxng""}]",https://www.tumblr.com/venusfun/658071288220368896/asteroid-notes-pt-5,tumblr.com,🍸🤍Asteroid notes pt 5🤍🍸 – @venusfun on Tumblr,🍸🤍Asteroid notes pt 5🤍🍸 – @venusfun on Tumblr Explore Communities Change palette Sign up Log in venusfun 🍸🤍Asteroid notes pt 5🤍🍸 Notes are based on my opinions and experiences. The whole chart matters. I do not allow to copy or plagiarize my work! @venusfun Hekate (100) in 12th house people have a big chance of being a clairvoyant. These people might be interested and good at witchcraft. Hekate (100) prominence can indicate also being an introverted person. People with eros (433) conjunc,astro.com,,,unknown,6,,unknown,,guest_post,unknown,passed,,,review,pending,review,target_not_found,competitor_link_not_found,2026-07-22T08:46:53.569Z,2026-07-22T08:46:53.569Z
bo_1qt22yi,competitor_search,astro.com,"[{""mode"":""competitor_search"",""input"":""astro.com"",""language"":"""",""region"":"""",""provider"":""searxng""}]",https://my.linkedin.com/in/marianne-tan-b8385787,my.linkedin.com,Marianne Tan - Self-employed | LinkedIn,"Marianne Tan - Self-employed | LinkedIn Langkau ke kandungan utama LinkedIn Kandungan Teratas Orang Pembelajaran Pekerjaan Permainan Daftar masuk Sertai sekarang Daftar masuk untuk melihat profil penuh Marianne Marianne boleh memperkenalkan anda kepada 10+ orang di LottieFiles E-mel atau nombor telefon Kata laluan Tunjuk Terlupa kata laluan? Daftar masuk Daftar masuk dengan E-mel atau Pengguna baharu LinkedIn? Sertai sekarang Dengan mengklik Teruskan untuk menyertai atau mendaftar masuk, anda be",astro.com,,,unknown,93,,unknown,,other,unknown,passed,,,review,pending,review,target_not_found,competitor_link_not_found,2026-07-22T08:46:53.569Z,2026-07-22T08:46:53.569Z
bo_lum7nn,competitor_search,astro.com,"[{""mode"":""competitor_search"",""input"":""astro.com"",""language"":"""",""region"":"""",""provider"":""searxng""}]",https://sallykirkman.com/walter-mercado-mucho-mucho-amor,sallykirkman.com,Walter Mercado: Mucho Mucho Amor - Sally Kirkman,Walter Mercado: Mucho Mucho Amor - Sally Kirkman Skip to content Home Inner Star Circle Astrology Readings Blog Shop Discover Monthly Horoscopes 2026 Horoscopes Ebook Astrology Talk Podcast Star Signs Birth Chart Calculator Free Newsletter About About Sally Star Sign Books Media/Press Contact Home Inner Star Circle Astrology Readings Blog Shop Discover Monthly Horoscopes 2026 Horoscopes Ebook Astrology Talk Podcast Star Signs Birth Chart Calculator Free Newsletter About About Sally Star Sign Boo,astro.com,,,unknown,10,,unknown,,guest_post,unknown,passed,,,review,pending,review,target_not_found,competitor_link_not_found,2026-07-22T08:46:53.569Z,2026-07-22T08:46:53.569Z
bo_188ghzw,competitor_search,astro.com,"[{""mode"":""competitor_search"",""input"":""astro.com"",""language"":"""",""region"":"""",""provider"":""searxng""}]",https://www.scribd.com/doc/17364896/Quick-Malaysia-Media-Contacts,scribd.com,Malaysia Media Contact List | PDF | Broadcasting | News,"Malaysia Media Contact List | PDF | Broadcasting | News Skip to main content Open navigation menu Close suggestions Search Search en Change Language , English Upload Sign in Sign in 88% (32) 88% found this document useful (32 votes) 7K views 5 pages Malaysia Media Contact List This a what I call &#x27;quick Malaysia media contacts list&#x27;. It is definitely not all of the media in Malaysia but a very helpful resource when you need to contact the media for last minute events. I have also insert",astro.com,,,unknown,34,,unknown,,guest_post,unknown,passed,,,review,pending,review,target_not_found,competitor_link_not_found,2026-07-22T08:46:53.569Z,2026-07-22T08:46:53.569Z
bo_qs4xj0,competitor_search,astro.com,"[{""mode"":""competitor_search"",""input"":""astro.com"",""language"":"""",""region"":"""",""provider"":""searxng""}]",https://sallykirkman.com/astrology-french-tennis-open-2014,sallykirkman.com,Astrology Of The French Tennis Open 2014 - Sally Kirkman,Astrology Of The French Tennis Open 2014 - Sally Kirkman Skip to content Home Inner Star Circle Astrology Readings Blog Shop Discover Monthly Horoscopes 2026 Horoscopes Ebook Astrology Talk Podcast Star Signs Birth Chart Calculator Free Newsletter About About Sally Star Sign Books Media/Press Contact Home Inner Star Circle Astrology Readings Blog Shop Discover Monthly Horoscopes 2026 Horoscopes Ebook Astrology Talk Podcast Star Signs Birth Chart Calculator Free Newsletter About About Sally Star ,astro.com,http://www.astro.com/astro-databank,http://www.astro.com/astro-databank,unknown,14,,unknown,,guest_post,unknown,passed,,,qualified,pending,normal,checked,competitor_link_verified,2026-07-22T08:46:53.569Z,2026-07-22T08:46:53.569Z
bo_1ump5r4,competitor_search,astro.com,"[{""mode"":""competitor_search"",""input"":""astro.com"",""language"":"""",""region"":"""",""provider"":""searxng""}]",https://www.facebook.com/WIS10/posts/did-you-miss-the-spacex-falcon-9-launch-earlier-this-month-or-sleep-through-your/1493973269425234,facebook.com,WIS TV - Did you miss the SpaceX Falcon 9 launch earlier...,WIS TV - Did you miss the SpaceX Falcon 9 launch earlier...,astro.com,,,unknown,0,,unknown,,guest_post,unknown,passed,,,review,pending,review,target_not_found,competitor_link_not_found,2026-07-22T08:46:53.569Z,2026-07-22T08:46:53.569Z
bo_1iwda3s,competitor_search,astro.com,"[{""mode"":""competitor_search"",""input"":""astro.com"",""language"":"""",""region"":"""",""provider"":""searxng""}]",https://nuastro.com/lunar-calendar-astrology-is-your-time-a-lie,nuastro.com,Lunar Calendar Astrology: Is Your Time a Lie?,Lunar Calendar Astrology: Is Your Time a Lie? Skip to content Nuastro Charts Birth Chart Personal Horoscope Moon Calendar Services Order Here Price List Live Sample Learn Astrology Glossary Real Sky Astrology Ophiuchus Houses Zodiacs Planets Predictions History Information About Contact Privacy Policy Terms and Conditions Search Nuastro Charts Birth Chart Personal Horoscope Moon Calendar Services Order Here Price List Live Sample Learn Astrology Glossary Real Sky Astrology Ophiuchus Houses Zodia,astro.com,,,unknown,14,,unknown,,guest_post,unknown,passed,,,review,pending,review,target_not_found,competitor_link_not_found,2026-07-22T08:46:53.569Z,2026-07-22T08:46:53.569Z
bo_moaqvp,competitor_search,astro.com,"[{""mode"":""competitor_search"",""input"":""astro.com"",""language"":"""",""region"":"""",""provider"":""searxng""}]",https://digitalmarketingdeal.com/blog/astrologer-in-india,digitalmarketingdeal.com,Top 10 Astrologer in India 2024 - Ranking & Update,Top 10 Astrologer in India 2024 - Ranking & Update Skip to content menu -->   Add business Submit Guest Post Login menu close Add business Sign in Create an account --> Digital Marketing Deal Here submit your blogs and make your own audiance. Home Digital Marketing Hindi Blog Guest Post Site Indian Business Listing Submit Post Home Astrologer Top 10 Astrologer in India 2024 &#8211; Ranking &#038; Update Get in touch Submit Top 10 Astrologer in India 2024 &#8211; Ranking &#038; Update Varsha Chhi,astro.com,,,unknown,26,,unknown,,guest_post,unknown,passed,,,review,pending,review,target_not_found,competitor_link_not_found,2026-07-22T08:46:53.569Z,2026-07-22T08:46:53.569Z
bo_rrrceq,competitor_search,astro.com,"[{""mode"":""competitor_search"",""input"":""astro.com"",""language"":"""",""region"":"""",""provider"":""searxng""}]",https://ie.trustpilot.com/review/astro.com?page=2,ie.trustpilot.com,astro.com - Astrodienst Reviews - Trustpilot,"... people have already reviewed astro.com - Astrodienst. Read about ... Write a review. We use technology to protect platform integrity, but we don't ...",astro.com,,,unknown,0,,unknown,,other,unknown,passed,,,review,pending,review,unavailable,HTTP 403,2026-07-22T08:46:53.569Z,2026-07-22T08:46:53.569Z
bo_1stetps,competitor_search,astro.com,"[{""mode"":""competitor_search"",""input"":""astro.com"",""language"":"""",""region"":"""",""provider"":""searxng""}]",https://horoscope-astrology-websites.no1reviews.com/astrodienst.html,horoscope-astrology-websites.no1reviews.com,Astrodienst | Astro.com Review,Astrodienst | Astro.com Review &raquo; Select Another Category of Reviews Top 10 Horoscope and Astrology Websites    |     Buying Guide Advertiser Disclosure   Astrodienst Reviews   Editor's Overall Rating: Average User Rating: (based on 3 reviews ) Category: Horoscope and Astrology Websites Website: http://www.astro.com Visit Site &raquo; Our Review Costs & Features User Reviews   Astrodienst Review by No1Reviews.com . Editor's Star Ratings: Features: Variety of Readings / Predictions: Personal,astro.com,,,unknown,25,,unknown,,other,unknown,passed,,,review,pending,review,target_not_found,competitor_link_not_found,2026-07-22T08:46:53.569Z,2026-07-22T08:46:53.569Z
bo_15fq9gm,competitor_search,astro.com,"[{""mode"":""competitor_search"",""input"":""astro.com"",""language"":"""",""region"":"""",""provider"":""searxng""}]",https://play.google.com/store/apps/details?hl=en_US&id=com.dashaspeaks.astrology.online.chat,play.google.com,Anytime Astro-Online Astrology - Apps on Google Play,Anytime Astro-Online Astrology - Apps on Google Play Games Apps Movies & TV Books Kids google_logo Play Games Apps Movies & TV Books Kids Gift Cards none search help_outline Sign in with Google play_apps Library & devices payment Payments & subscriptions reviews My Play activity redeem Offers Play Pass Personalization in Play settings Settings Privacy Policy • Terms of Service Games Apps Movies & TV Books Kids play_arrow Trailer Anytime Astro-Online Astrology Online Astrology & Horoscope 4.4 sta,astro.com,,,unknown,16,,unknown,,other,unknown,passed,,,review,pending,review,target_not_found,competitor_link_not_found,2026-07-22T08:46:53.569Z,2026-07-22T08:46:53.569Z
bo_1tpy5ct,competitor_search,astro.com,"[{""mode"":""competitor_search"",""input"":""astro.com"",""language"":"""",""region"":"""",""provider"":""searxng""}]",https://www.astro.com/news/nl_news_e.htm,astro.com,Astrodienst Newsletter,Astrodienst Newsletter My Astro Hello [not logged in] User Profile Disable dark mode Login Home EN Language: Deutsch Dansk English Español Français Italiano Nederlands Português Türkçe Русский 中文 日本語 Shopping Cart My Astro Hello [not logged in] User Profile Disable dark mode Login star1 star2 Horoscopes Horoscopes Free Horoscopes Horoscopes by Topics All Horoscopes at a Glance Today and Tomorrow Personal Daily Horoscope PREMIUM Daily Horoscope Daily Love Horoscope Daily Celestial Events Weekly H,astro.com,https://www.astro.com/news/nl_news_e.htm?lang=g,Deutsch,unknown,2,,unknown,,other,unknown,passed,,,qualified,pending,normal,checked,competitor_link_verified,2026-07-22T08:46:53.569Z,2026-07-22T08:46:53.569Z
bo_py1uwa,competitor_search,astro.com,"[{""mode"":""competitor_search"",""input"":""astro.com"",""language"":"""",""region"":"""",""provider"":""searxng""}]",https://www.astro.com/cgi/prep.cgi/adbvip/adbvip_08_04.htm,astro.com,One moment...,"One moment... Checking your browser... Go back Main Page If you wish to report an error, please e-mail to: webmaster@astro.com",astro.com,https://www.astro.com/,Main Page,unknown,0,,unknown,,other,unknown,passed,,,qualified,pending,normal,checked,competitor_link_verified,2026-07-22T08:46:53.569Z,2026-07-22T08:46:53.569Z
bo_8ugyti,competitor_search,astro.com,"[{""mode"":""competitor_search"",""input"":""astro.com"",""language"":"""",""region"":"""",""provider"":""searxng""}]",https://www.scamadviser.com/check-website/astro.com,scamadviser.com,astro.com Reviews | check if the site is a scam or legit | Scamadviser,astro.com Reviews | check if the site is a scam or legit | Scamadviser Website Phone Crypto IBAN Report a Scam Scam IQ Test Business en Deutsch English Español Français Italiano 日本 Nederlands Português Romanian Russian 繁体中文 Ukrainian 简体中文 Try our App Website Phone Crypto IBAN en Deutsch English Español Français Italiano 日本 Nederlands Português Romanian Russian 繁体中文 Ukrainian 简体中文 Register | Login Report a Scam Scam IQ Test Business Try our App Very Likely Safe Copied WhatsApp Messages Copy Link ,astro.com,http://astro.com/?amp%3Butm_campaign=Scamadviser.com,VISIT,unknown,26,,unknown,,other,unknown,rejected,malware,matched:ransomware,rejected,pending,excluded,checked,,2026-07-22T08:46:53.569Z,2026-07-22T08:46:53.569Z
bo_ele81w,competitor_search,astro.com,"[{""mode"":""competitor_search"",""input"":""astro.com"",""language"":"""",""region"":"""",""provider"":""searxng""}]",https://www.astro.com/cgi/prep.cgi/astrology/in_shadow_e.htm,astro.com,One moment...,"One moment... Checking your browser... Go back Main Page If you wish to report an error, please e-mail to: webmaster@astro.com",astro.com,https://www.astro.com/,Main Page,unknown,0,,unknown,,other,unknown,passed,,,qualified,pending,normal,checked,competitor_link_verified,2026-07-22T08:46:53.569Z,2026-07-22T08:46:53.569Z
bo_18xw61q,competitor_search,astro.com,"[{""mode"":""competitor_search"",""input"":""astro.com"",""language"":"""",""region"":"""",""provider"":""searxng""}]",https://www.reddit.com/r/astrology/comments/9agy06/are_astrocom_astrothemes_charts_worth_buying,reddit.com,Reddit - Please wait for verification,Reddit - Please wait for verification,astro.com,,,unknown,0,,unknown,,blog_comment,unknown,passed,,,review,pending,review,target_not_found,competitor_link_not_found,2026-07-22T08:46:53.569Z,2026-07-22T08:46:53.569Z
bo_17zpna0,competitor_search,astro.com,"[{""mode"":""competitor_search"",""input"":""astro.com"",""language"":"""",""region"":"""",""provider"":""searxng""}]",https://instaastro.com/,instaastro.com,Talk to Astrologer Live for Instant Astrology Prediction Online,Talk to Astrologer Live for Instant Astrology Prediction Online --> Eng Eng हिंदी Get App Chat with Astrologer Talk to Astrologer Login --> Home Kundli Marriage Muhurat 2023 --> Matchmaking Horoscope Horoscope Today's Horoscope Tomorrow's Horoscope Yesterday's Horoscope Weekly Horoscope Monthly Horoscope Yearly Horoscope --> Horoscope Horoscope Today's Horoscope Tomorrow's Horoscope Yesterday's Horoscope Weekly Horoscope Monthly Horoscope Yearly Horoscope Live New Panchang Insta Store Astro/Taro,astro.com,,,unknown,43,,unknown,,other,unknown,passed,,,review,pending,review,target_not_found,competitor_link_not_found,2026-07-22T08:46:53.569Z,2026-07-22T08:46:53.569Z
bo_s9op24,competitor_search,astro.com,"[{""mode"":""competitor_search"",""input"":""astro.com"",""language"":"""",""region"":"""",""provider"":""searxng""}]",https://www.rc-astro.com/copyright.html,rc-astro.com,Copyright and Usage,"Copyright and Usage       Home Latest Popular Nebulae Galaxies Star Clusters Solar System Resources Equipment Publications About Privacy Copyright     Russell Croman is represented by: All images and site content are Copyright &copy;2002-2022 by Russell Croman unless otherwise noted for specific content. If you would like to use one or more of my photographs by another arrangement, please review the terms below first, and then submit a Usage Request Form . Here are the terms for use of my photog",astro.com,,,unknown,2,,unknown,,other,unknown,passed,,,review,pending,review,target_not_found,competitor_link_not_found,2026-07-22T08:46:53.569Z,2026-07-22T08:46:53.569Z
bo_u1itqm,competitor_search,astro.com,"[{""mode"":""competitor_search"",""input"":""astro.com"",""language"":"""",""region"":"""",""provider"":""searxng""}]",https://horoscope-astrology-websites.no1reviews.com/user-reviews/astrodienst.html,horoscope-astrology-websites.no1reviews.com,Astrodienst | Astro.com User Reviews,Astrodienst | Astro.com User Reviews &raquo; Select Another Category of Reviews Top 10 Horoscope and Astrology Websites    |     Buying Guide Advertiser Disclosure   Astrodienst Reviews   Editor's Overall Rating: Average User Rating: (based on 3 reviews ) Category: Horoscope and Astrology Websites Website: http://www.astro.com Visit Site &raquo; Editor's Review Costs & Features User Reviews   --> Average User Rating: (1.3 Stars) based on 3 reviews Already tried it? Write a Review Average User St,astro.com,,,unknown,34,,unknown,,other,unknown,passed,,,review,pending,review,target_not_found,competitor_link_not_found,2026-07-22T08:46:53.569Z,2026-07-22T08:46:53.569Z
bo_8u8vgp,competitor_search,astro.com,"[{""mode"":""competitor_search"",""input"":""astro.com"",""language"":"""",""region"":"""",""provider"":""searxng""}]",https://www.astro.com/cgi/prep.cgi/astrology/in_rev_libernovus_e.htm,astro.com,One moment...,"One moment... Checking your browser... Go back Main Page If you wish to report an error, please e-mail to: webmaster@astro.com",astro.com,https://www.astro.com/,Main Page,unknown,0,,unknown,,other,unknown,passed,,,qualified,pending,normal,checked,competitor_link_verified,2026-07-22T08:46:53.569Z,2026-07-22T08:46:53.569Z
bo_6tu4b1,competitor_search,astro.com,"[{""mode"":""competitor_search"",""input"":""astro.com"",""language"":"""",""region"":"""",""provider"":""searxng""}]",https://www.astro.com/cgi/prep.cgi/astrology/in_rev_awpostcards_e.htm,astro.com,One moment...,"One moment... Checking your browser... Go back Main Page If you wish to report an error, please e-mail to: webmaster@astro.com",astro.com,https://www.astro.com/,Main Page,unknown,0,,unknown,,other,unknown,passed,,,qualified,pending,normal,checked,competitor_link_verified,2026-07-22T08:46:53.569Z,2026-07-22T08:46:53.569Z
bo_1manf3,competitor_search,astro.com,"[{""mode"":""competitor_search"",""input"":""astro.com"",""language"":"""",""region"":"""",""provider"":""searxng""}]",https://avt-astro.com/,avt-astro.com,Home -,Home - Skip to content Main Menu Home Reviews Menu Toggle Telescopes Mounts Eyepieces Accessories New to Astronomy How-To? Observations Astro Adventures About Contact Shop AVT Gear / Apparel Search for:   AVT-Astro AVT-Astro is dedicated to bring you astronomy equipment reviews and other astro related content! What's New Latest Observation 07/15/26 &#8211; I Tested 15 Astro Filters So You Don’t Have To! What is the BEST Telescope Astrophotography filter?? I put 15 popular astrophotography filter,astro.com,,,unknown,2,,unknown,,other,unknown,passed,,,review,pending,review,target_not_found,competitor_link_not_found,2026-07-22T08:46:53.569Z,2026-07-22T08:46:53.569Z
bo_10apjqo,competitor_search,astro.com,"[{""mode"":""competitor_search"",""input"":""astro.com"",""language"":"""",""region"":"""",""provider"":""searxng""}]",https://www.mywot.com/scorecard/astro.com,mywot.com,Is astro.com Safe? astro Reviews & Safety Check | WOT,Is astro.com Safe? astro Reviews & Safety Check | WOT Search English Solutions Blog Support Is astro.com Safe? Trusted by WOT Website security score 82% WOT’s security score is based on our unique technology and community expert reviews. Is this website claimed? No Community reviews ★ 4.3 WOT’s algorithm 86% Child Safety 85% What does the community say? Leave a review How would you rate this website from 1 to 5? Share your feedback and help the community Reviews must consist of at least 15 chara,astro.com,,,unknown,17,,unknown,,other,unknown,rejected,scam,matched:phishing,rejected,pending,excluded,target_not_found,,2026-07-22T08:46:53.569Z,2026-07-22T08:46:53.569Z
bo_1575zdp,competitor_search,astro.com,"[{""mode"":""competitor_search"",""input"":""astro.com"",""language"":"""",""region"":"""",""provider"":""searxng""}]",https://www.yates-astro.com/,yates-astro.com,Savannah Pest Control | Yates-Astro Termite & Pest Control,Savannah Pest Control | Yates-Astro Termite & Pest Control Skip to Content Follow Us Español Termite Clearance Letter New Homeowners Special Offers 912-513-3425 Home About Us Join Our Team A-1 Economic Exterminators Community News Blog Reviews Pest Control Bed Bug Control Carpenter Bee Control Wasp Removal Fly Control Cricket Control Fire Ant Control Spider Control Fleas Control Mosquito Control Rodent Control Tick Control Roach Control Fumigation Commercial Pest Control Enhanced Exterior Pest C,astro.com,,,unknown,28,,unknown,,other,unknown,passed,,,review,pending,review,target_not_found,competitor_link_not_found,2026-07-22T08:46:53.569Z,2026-07-22T08:46:53.569Z
bo_1jjx5ga,competitor_search,astro.com,"[{""mode"":""competitor_search"",""input"":""astro.com"",""language"":"""",""region"":"""",""provider"":""searxng""}]",https://www.youtube.com/@AVTAstro,youtube.com,AVT-Astro - YouTube,About Press Copyright Contact us Creators Advertise Developers Terms Privacy Policy & Safety How YouTube works Test new features NFL Sunday Ticket &copy; 2026 Google LLC AVT-Astro - YouTube,astro.com,,,unknown,2,,unknown,,other,unknown,passed,,,review,pending,review,target_not_found,competitor_link_not_found,2026-07-22T08:46:53.569Z,2026-07-22T08:46:53.569Z
